Uru Harbour Airport;Atoifi;Solomon Islands;ATD;AGAT;-8.87333;161.011;11;U
Batuna Airport;Batuna;Solomon Islands;BPF;AGBT;-8.63;158;11;U
;;;;;;;;
Ballalae Airport;Ballalae;Solomon Islands;BAS;AGGE;-6.967;155.883;11;U
Alexandria;Alexandria;United States;ALX;ALX_;38.806346;-77.0621;-5;A
Augsburg HBF;Augsburg;Germany;AUB;AUGS;48.3655;10.886;1;E
Buka Airport;Buka Island;Papua New Guinea;BUA;AYBK;-5.42232;154.673;10;U
Bamberg BF;Bamberg;Germany;BAM;BAMB;49.911;10.9;1;E
Tasiilaq;Angmagssalik;Greenland;AGM;BGAM;65.612222;-37.618333;-2;U
Akureyri;Akureyri;Iceland;AEY;BIAR;65.659994;-18.072703;0;N
Bildudalur Airport;Bildudalur;Iceland;BIU;BIBD;65.641389;-23.546111;0;N
Biessenhofen BF;Biessenhofen;Germany;BIE;BIES;47.851;10.634;1;E
Brookings Regional Airport;Brookings;United States;BKX;BKX;44.3048;-96.8169;-6;A
Mercer County Airport;Bluefield;United States;BLF;BLF;37.2958;-81.2077;-5;A
Bochum HBF;Bochum;Germany;BOX;BOCH;51.478506;7.2222;1;E
Buchloe BF;Buchloe;Germany;BUH;BUCH;48.0411;10.715;1;E
Akulivik Airport;Akulivik;Canada;AKV;CYKO;60.8186;-78.1486;-5;A
Soummam;Bejaja;Algeria;BJA;DAAE;36.711997;5.069922;1;N
Houari Boumediene;Algier;Algeria;ALG;DAAG;36.691014;3.215408;1;N
Annaba;Annaba;Algeria;AAE;DABB;36.822225;7.809167;1;N
Batna Airport;Batna;Algeria;BLJ;DABT;35.752106;6.308589;1;N
Bordj Badji Mokhtar Airport;Bordj Badji Mokhtar;Algeria;BMW;DATM;21.375;0.923889;1;N
Touat Cheikh Sidi Mohamed Belkebir;Adrar;Algeria;AZR;DAUA;27.837589;-0.186414;1;N
Biskra;Biskra;Algeria;BSK;DAUB;34.793289;5.738231;1;N
Bobo Dioulasso;Bobo-dioulasso;Burkina Faso;BOY;DFOO;11.160056;-4.330969;0;N
Kotoka Intl;Accra;Ghana;ACC;DGAA;5.605186;-0.166786;0;N
Abidjan Felix Houphouet Boigny Intl;Abidjan;Cote d'Ivoire;ABJ;DIAP;5.261386;-3.926294;0;N
Yamoussoukro;Yamoussoukro;Cote d'Ivoire;ASK;DIYO;6.903167;-5.365581;0;N
Nnamdi Azikiwe Intl;Abuja;Nigeria;ABV;DNAA;9.006792;7.263172;1;N
Akure;Akure;Nigeria;AKR;DNAK;7.246739;5.301008;1;N
Benin;Benin;Nigeria;BNI;DNBE;6.316981;5.599503;1;N
Manu Dayak;Agadez;Niger;AJY;DRZA;16.965997;8.000114;1;N
Deurne;Antwerp;Belgium;ANR;EBAW;51.189444;4.460278;1;E
Brussels Natl;Brussels;Belgium;BRU;EBBR;50.901389;4.484444;1;E
Bautzen;Bautzen;Germany;BBJ;EDAB;51.193531;14.519747;1;E
Altenburg Nobitz;Altenburg;Germany;AOC;EDAC;50.981817;12.506361;1;E
Barth;Barth;Germany;BBH;EDBH;54.33754;12.699705;1;E
Berlin Brandenburg Willy Brandt;Berlin;Germany;BER;EDDB;52.366667;13.503333;1;E
Neuenland;Bremen;Germany;BRE;EDDW;53.0475;8.786667;1;E
Flugplatz Merzbrueck;Aachen;Germany;AAH;EDKA;50.823194;6.186389;1;E
Augsburg;Augsburg;Germany;AGB;EDMA;48.425158;10.931764;1;E
Bremerhaven;Bremerhaven;Germany;BRV;EDWB;53.507081;8.572878;1;E
Wangerooge Airport;Wangerooge;Germany;AGE;EDWG;53.7828;7.91389;1;E
Borkum;Borkum;Germany;BMK;EDWR;53.5955;6.709167;1;E
Belfast Intl;Belfast;United Kingdom;BFS;EGAA;54.6575;-6.215833;0;E
Belfast City;Belfast;United Kingdom;BHD;EGAC;54.618056;-5.8725;0;E
Birmingham;Birmingham;United Kingdom;BHX;EGBB;52.453856;-1.748028;0;E
Bristol;Bristol;United Kingdom;BRS;EGGD;51.382669;-2.719089;0;E
Bournemouth;Bournemouth;United Kingdom;BOH;EGHH;50.78;-1.8425;0;E
Bembridge;Bembridge;United Kingdom;BBP;EGHJ;50.677778;-1.109444;0;E
Alderney;Alderney;Guernsey;ACI;EGJA;49.706111;-2.214722;0;E
Biggin Hill;Biggin Hill;United Kingdom;BQH;EGKB;51.330833;0.0325;0;E
Blackbushe;Blackbushe;United Kingdom;BBS;EGLK;51.323889;-0.8475;0;E
Blackpool;Blackpool;United Kingdom;BLK;EGNH;53.771667;-3.028611;0;E
Dyce;Aberdeen;United Kingdom;ABZ;EGPD;57.201944;-2.197778;0;E
Benbecula;Benbecula;United Kingdom;BEB;EGPL;57.481111;-7.362778;0;E
Barra Airport;Barra;United Kingdom;BRR;EGPR;57.0228;-7.44306;0;E
Leuchars;Leuchars;United Kingdom;ADX;EGQL;56.372889;-2.868444;0;E
Honington;Honington;United Kingdom;BEQ;EGXH;52.342611;0.772939;0;E
Schiphol;Amsterdam;Netherlands;AMS;EHAM;52.308613;4.763889;1;E
Aarhus;Aarhus;Denmark;AAR;EKAH;56.300017;10.619008;1;E
Billund;Billund;Denmark;BLL;EKBI;55.740322;9.151778;1;E
Aalborg;Aalborg;Denmark;AAL;EKYT;57.092789;9.849164;1;E
Vigra;Alesund;Norway;AES;ENAL;62.560372;6.110164;1;E
Andenes;Andoya;Norway;ANX;ENAN;69.2925;16.144167;1;E
Alta;Alta;Norway;ALF;ENAT;69.976111;23.371667;1;E
Bronnoy;Bronnoysund;Norway;BNN;ENBN;65.461111;12.2175;1;E
Bodo;Bodo;Norway;BOO;ENBO;67.269167;14.365278;1;E
Flesland;Bergen;Norway;BGO;ENBR;60.293386;5.218142;1;E
Batsfjord;Batsfjord;Norway;BJF;ENBS;70.600278;29.6925;1;E
Bardufoss;Bardufoss;Norway;BDU;ENDU;69.055758;18.540356;1;E
Arvidsjaur;Arvidsjaur;Sweden;AJR;ESNX;65.590278;19.281944;1;E
Arlanda;Stockholm;Sweden;ARN;ESSA;59.651944;17.918611;1;E
Bromma;Stockholm;Sweden;BMA;ESSB;59.354372;17.94165;1;E
Borlange;Borlange;Sweden;BLE;ESSD;60.422017;15.515211;1;E
Ängelholm-Helsingborg Airport;Ängelholm;Sweden;AGH;ESTA;56.2961;12.8471;1;E
Alexander Bay;Alexander Bay;South Africa;ALJ;FAAB;-28.575001;16.533333;2;U
Aggeneys;Aggeneys;South Africa;AGZ;FAAG;-29.281767;18.813869;2;U
Alldays Airport;Alldays;South Africa;ADY;FAAL;-22.678889;29.055278;2;U
Bhisho;Bisho;South Africa;BIY;FABE;-32.89715;27.279111;2;U
Bloemfontein Intl;Bloemfontein;South Africa;BFN;FABL;-29.092722;26.302444;2;U
Malamala Airport;Malamala;South Africa;AAM;FAMD;-24.818111;31.544584;2;U
Kasane;Kasane;Botswana;BBK;FBKE;-17.832875;25.1624;2;U
Bangui M Poko;Bangui;Central African Republic;BGF;FEFF;4.398475;18.518786;1;N
Berberati;Berberati;Central African Republic;BBT;FEFT;4.221583;15.786369;1;N
Bata;Bata;Equatorial Guinea;BSG;FGBT;1.905469;9.805681;1;N
Bafoussam;Bafoussam;Cameroon;BFX;FKKU;5.536919;10.354583;1;N
Bamenda;Bamenda;Cameroon;BPC;FKKV;6.039239;10.122639;1;N
Ouani;Anjouan;Comoros;AJN;FMCV;-12.131667;44.430279;3;U
Antsirabe;Antsirabe;Madagascar;ATJ;FMME;-19.836944;47.065278;3;U
Belo sur Tsiribihina Airport;Belo sur Tsiribihina;Madagascar;BMD;FMML;-19.6867;44.5419;3;U
Ambilobe;Ambilobe;Madagascar;AMB;FMNE;-13.188431;48.987978;3;U
Antsirabato;Antalaha;Madagascar;ANM;FMNH;-14.999411;50.320233;3;U
Besalampy;Besalampy;Madagascar;BPY;FMNQ;-16.741945;44.481388;3;U
Benguela;Benguela;Angola;BUG;FNBG;-12.609025;13.403711;1;N
Bitam;Bitam;Gabon;BMM;FOOB;2.075639;11.493195;1;N
Beira;Beira;Mozambique;BEW;FQBR;-19.796419;34.907556;2;U
Nampula;Nampula;Mozambique;APL;FQNP;-15.105611;39.2818;2;U
Bird Island Airport;Bird Island;Seychelles;BDI;FSSB;-3.721389;55.208611;4;U
Abeche;Abeche;Chad;AEH;FTTC;13.847;20.844333;1;N
Am Timan Airport;Am Timan;Chad;AMC;FTTN;11.034;20.274;1;U
J M Nkomo Intl;Bulawayo;Zimbabwe;BUQ;FVBU;-20.017431;28.617869;2;U
Buffalo Range;Chiredzi;Zimbabwe;BFO;FVCZ;-21.008083;31.57855;2;U
Chileka Intl;Blantyre;Malawi;BLZ;FWCL;-15.679053;34.974014;2;U
Boma Airport;Boma;Congo (Kinshasa);BOA;FZAJ;-5.854;13.064;1;N
Basankusu Airport;Basankusu;Congo (Kinshasa);BSU;FZEN;1.22472;19.7889;1;N
Gbadolite;Gbadolite;Congo (Kinshasa);BDT;FZFD;4.253206;20.975283;1;N
Bunia;Bunia;Congo (Kinshasa);BUX;FZKA;1.565719;30.220833;2;U
Bukavu Kavumu;Bukavu/kavumu;Congo (Kinshasa);BKY;FZMA;-2.308978;28.808803;2;U
Senou;Bamako;Mali;BKO;GABS;12.533544;-7.949944;0;N
Banjul Intl;Banjul;Gambia;BJL;GBYD;13.337961;-16.652206;0;N
Lanzarote;Las Palmas;Spain;ACE;GCRR;28.945464;-13.605225;0;E
Sherbro International Airport;Bonthe;Sierra Leone;BTE;GFBN;7.53242;-12.5189;0;N
Inezgane;Agadir;Morocco;AGA;GMAA;30.381353;-9.546311;0;N
Cherif El Idrissi;Al Hociema;Morocco;AHU;GMTA;35.177103;-3.839525;0;N
Atar;Atar;Mauritania;ATR;GQPA;20.506828;-13.043194;0;N
Bole Intl;Addis Ababa;Ethiopia;ADD;HAAB;8.977889;38.799319;3;U
Arba Minch;Arba Minch;Ethiopia;AMH;HAAM;6.039389;37.590453;3;U
Axum;Axum;Ethiopia;AXU;HAAX;14.14675;38.772833;3;U
Baco Airport;Baco;Ethiopia;BCO;HABC;5.78287;36.562;3;U
Bahir Dar;Bahar Dar;Ethiopia;BJR;HABD;11.608075;37.321644;3;U
Beica Airport;Beica;Ethiopia;BEI;HABE;9.38639;34.5219;3;U
Kabri Dehar Airport;Kabri Dehar;Ethiopia;ABK;HAKD;6.734;44.253;3;U
Awasa Airport;Awasa;Ethiopia;AWA;HALA;7.067;38.5;3;U
Asosa;Asosa;Ethiopia;ASO;HASO;10.01855;34.586253;3;U
Bujumbura Intl;Bujumbura;Burundi;BJM;HBBA;-3.324019;29.318519;2;U
Alula Airport;Alula;Somalia;ALU;HCMA;11.95;50.733;3;U
Bosaso Airport;Bosaso;Somalia;BSA;HCMF;11.2753;49.1494;3;U
Berbera;Berbera;Somalia;BBO;HCMI;10.389167;44.941106;3;U
Burao Airport;Burao;Somalia;BUO;HCMV;9.517;45.567;3;U
El Arish International Airport;El Arish;Egypt;AAC;HEAR;31.073333;33.835833;2;U
Asyut International Airport;Asyut;Egypt;ATZ;HEAT;27.046508;31.011983;2;U
Alexandria Intl;Alexandria;Egypt;ALY;HEAX;31.183903;29.948889;2;U
Abu Simbel;Abu Simbel;Egypt;ABS;HEBL;22.375953;31.611722;2;U
Aswan Intl;Aswan;Egypt;ASW;HESN;23.964356;32.819975;2;U
Asmara Intl;Asmara;Eritrea;ASM;HHAS;15.291853;38.910667;3;U
Assab Intl;Assab;Eritrea;ASA;HHSB;13.071783;42.645006;3;U
Amboseli Airport;Amboseli National Park;Kenya;ASV;HKAM;-2.64505;37.2531;3;U
Kufra;Kufra;Libya;AKF;HLKF;24.178728;23.313958;1;N
Benina;Benghazi;Libya;BEN;HLLB;32.096786;20.269472;1;N
Atbara Airport;Atbara;Sudan;ATB;HSAT;17.7;33.967;2;U
Arusha;Arusha;Tanzania;ARK;HTAR;-3.367794;36.633333;3;U
Bukoba Airport;Bukoba;Tanzania;BKZ;HTBU;-1.3;31.8;3;U
;;;;;;;;
Clayton County Tara Field;Hampton;United States;4A7;K4A7;33.389099;-84.332397;-5;A
Dell Flight Strip;Dell;United States;4U9;K4U9;44.7357483;-112.7200133;-7;A
Madison GA Municipal Airport;Madison;United States;52A;K52A;33.612125;-83.4604444;-5;A
East Troy Municipal Airport;East Troy;United States;57C;K57C;42.7971667;-88.3726111;-6;A
Big Timber Airport;Big Timber;United States;6S0;K6S0;45.8063889;-109.9811111;-7;A
Phoenix Regional Airport;Phoenix;United States;A39;KA39;32.9916992188;-111.9209976196;-7;A
Apalachicola Regional Airport;Apalachicola;United States;AAF;KAAF;29.7276066;-85.0274416;-6;A
Lehigh Valley Intl;Allentown;United States;ABE;KABE;40.652083;-75.440806;-5;A
Abilene Rgnl;Abilene;United States;ABI;KABI;32.411319;-99.681897;-6;A
Albuquerque International Sunport;Albuquerque;United States;ABQ;KABQ;35.0402222;-106.6091944;-7;A
Aberdeen Regional Airport;Aberdeen;United States;ABR;KABR;45.4491;-98.4218;-6;A
Southwest Georgia Regional Airport;Albany;United States;ABY;KABY;31.5355;-84.1945;-5;A
Nantucket Mem;Nantucket;United States;ACK;KACK;41.253053;-70.060181;-5;A
Waco Rgnl;Waco;United States;ACT;KACT;31.611289;-97.230519;-6;A
Arcata;Arcata CA;United States;ACV;KACV;40.978111;-124.108611;-8;A
Atlantic City Intl;Atlantic City;United States;ACY;KACY;39.457583;-74.577167;-5;A
Ardmore Muni;Ardmore;United States;ADM;KADM;34.300833;-97.008889;-6;A
Addison;Addison;United States;ADS;KADS;32.9685594;-96.8364478;-5;A
Andrews Afb;Camp Springs;United States;ADW;KADW;38.810806;-76.867028;-5;A
Alexandria Intl;Alexandria;United States;AEX;KAEX;31.3274;-92.549833;-6;A
Fort Worth Alliance Airport;Fort Worth;United States;AFW;KAFW;32.987778;-97.318889;-6;A
Allegheny County Airport;Pittsburgh;United States;AGC;KAGC;40.3544;-79.9302;-5;A
Augusta Rgnl At Bush Fld;Bush Field;United States;AGS;KAGS;33.369944;-81.9645;-5;A
Athens Ben Epps Airport;Athens;United States;AHN;KAHN;33.9486;-83.3263;-5;A
Alliance Municipal Airport;Alliance;United States;AIA;KAIA;42.053333;-102.803889;-7;A
Municipal Airport;Aiken;United States;AIK;KAIK;33.6493889;-81.6850278;-5;A
Lee C Fine Memorial Airport;Kaiser Lake Ozark;United States;AIZ;KAIZ;38.096035;-92.5494875;-5;A
Akron Fulton Intl;Akron;United States;AKC;KAKR;41.0375;-81.466917;-5;A
Albany Intl;Albany;United States;ALB;KALB;42.748267;-73.801692;-5;A
Alice Intl;Alice;United States;ALI;KALI;27.740889;-98.026944;-6;A
Alamogordo White Sands Regional Airport;Alamogordo;United States;ALM;KALM;32.8399;-105.991;-7;A
Waterloo Regional Airport;Waterloo;United States;ALO;KALO;42.5571;-92.4003;-6;A
San Luis Valley Regional Airport;Alamosa;United States;ALS;KALS;37.435;-105.866667;-7;A
Walla Walla Regional Airport;Walla Walla;United States;ALW;KALW;46.0949;-118.288;-8;A
Rick Husband Amarillo Intl;Amarillo;United States;AMA;KAMA;35.219369;-101.705931;-6;A
Anniston Metro;Anniston;United States;ANB;KANB;33.588167;-85.858111;-6;A
Anderson Rgnl;Andersen;United States;AND;KAND;34.494583;-82.709389;-5;A
Lee Airport;Annapolis;United States;ANP;KANP;38.942778;-76.568333;-5;A
Tri-State Steuben County Airport;Angola;United States;ANQ;KANQ;41.6396983;-85.0834933;-5;A
Lima Allen County Airport;Lima;United States;AOH;KAOH;40.707478;-84.0270781;-5;A
Altoona Blair Co;Altoona;United States;AOO;KAOO;40.296372;-78.320022;-5;A
Centennial;Denver;United States;APA;KAPA;39.570129;-104.849294;-7;A
Napa County Airport;Napa;United States;APC;KAPC;38.2131944;-122.2806944;-7;A
Naples Muni;Naples;United States;APF;KAPF;26.152619;-81.775294;-5;A
Phillips Aaf;Aberdeen;United States;APG;KAPG;39.466219;-76.168808;-5;A
Alpena County Regional Airport;Alpena;United States;APN;KAPN;45.0781;-83.5603;-5;A
Acadiana Rgnl;Louisiana;United States;ARA;KARA;30.037758;-91.883896;-6;A
Ann Arbor Municipal Airport;Ann Arbor;United States;ARB;KARB;42.132274;-83.444418;-5;A
Watertown Intl;Watertown;United States;ART;KART;43.991922;-76.021739;-5;A
Lakeland;Minocqua - Woodruff;United States;ARV;KARV;45.927778;-89.730833;-6;A
Aspen Pitkin County Sardy Field;Aspen;United States;ASE;KASE;39.2232;-106.869;-7;A
Boire Field Airport;Nashua;United States;ASH;KASH;42.78175;-71.5147778;-4;A
Astoria Regional Airport;Astoria;United States;AST;KAST;46.157972;-123.878694;-8;A
Hartsfield Jackson Atlanta Intl;Atlanta;United States;ATL;KATL;33.636719;-84.428067;-5;A
Camp Mabry Austin City;Austin TX;United States;ATT;KATT;30.31666;-97.7666;-6;A
Appleton;Appleton;United States;ATW;KATW;44.257526;-88.507576;-6;A
Watertown Regional Airport;Watertown;United States;ATY;KATY;44.914;-97.1547;-6;A
Augusta State;Augusta;United States;AUG;KAUG;44.320647;-69.797317;-5;A
Austin Bergstrom Intl;Austin;United States;AUS;KAUS;30.194528;-97.669889;-6;A
Asheville Regional Airport;Asheville;United States;AVL;KAVL;35.436194;-82.541806;-5;A
Executive;Avon Park;United States;AVO;KAVO;27.591389;-81.528889;-5;A
Wilkes Barre Scranton Intl;Scranton;United States;AVP;KAVP;41.338478;-75.723403;-5;A
Marana Regional;Tucson;United States;AVW;KAVQ;32.409556;-111.218388;-7;U
Avalon;Catalina Island;United States;AVX;KAVX;33.405;-118.415833;-8;A
Kalamazoo;Kalamazoo;United States;AZO;KAZO;42.234875;-85.552058;-5;A
Beale Afb;Marysville;United States;BAB;KBAB;39.136089;-121.436567;-8;A
Barksdale Afb;Shreveport;United States;BAD;KBAD;32.50182;-93.662674;-6;A
Barnes Municipal;Westfield;United States;BAF;KBAF;42.1579472;-72.715875;-4;A
Branson LLC;Branson;United States;BKG;KBBG;36.531994;-93.200556;-6;A
Bryce Canyon;Bryce Canyon;United States;BCE;KBCE;37.706444;-112.145806;-7;A
Boca Raton;Boca Raton;United States;BCT;KBCT;26.3785;-80.107694;-5;A
Baudette Intl;Baudette;United States;BDE;KBDE;48.728444;-94.612222;-6;A
Bradley Intl;Windsor Locks;United States;BDL;KBDL;41.938889;-72.683222;-5;A
Igor I Sikorsky Mem;Stratford;United States;BDR;KBDR;41.163472;-73.126167;-5;A
Beech Factory Airport;Wichita;United States;BEC;KBEC;37.6939167;-97.2149167;-5;A
Laurence G Hanscom Fld;Bedford;United States;BED;KBED;42.469953;-71.289031;-5;A
Bradford Regional Airport;Bradford;United States;BFD;KBFD;41.8031;-78.6401;-5;A
Western Nebraska Regional Airport;Scottsbluff;United States;BFF;KBFF;41.874;-103.596;-7;A
Boeing Fld King Co Intl;Seattle;United States;BFI;KBFI;47.53;-122.301947;-8;A
Meadows Fld;Bakersfield;United States;BFL;KBFL;35.433598;-119.05677;-8;A
Mobile Downtown;Mobile;United States;BFM;KBFM;30.626783;-88.068092;-6;A
Beaver Falls;Beaver Falls;United States;BFP;KBFP;40.7724722;-80.3914444;-4;A
BFT County Airport;Beauford;United States;BFT;KBFT;32.41083;-80.635;-5;A
Decatur County Industrial Air Park;Bainbridge;United States;BGE;KBGE;30.9715981;-84.6369278;-5;A
Greater Binghamton Edwin A Link Fld;Binghamton;United States;BGM;KBGM;42.208689;-75.979839;-5;A
Bangor Intl;Bangor;United States;BGR;KBGR;44.807444;-68.828139;-5;A
Hancock County - Bar Harbor;Bar Harbor;United States;BHB;KBHB;44.4497689;-68.3615653;-5;A
Birmingham Intl;Birmingham;United States;BHM;KBHM;33.562942;-86.75355;-6;A
Block Island State Airport;Block Island;United States;BID;KBID;41.168056;-71.577778;-5;A
Biggs Aaf;El Paso;United States;BIF;KBIF;31.849528;-106.380039;-7;A
Billings Logan International Airport;Billings;United States;BIL;KBIL;45.80921;-108.537654;-7;A
Bismarck Municipal Airport;Bismarck;United States;BIS;KBIS;46.775842;-100.757931;-6;A
Tulip City Airport;Holland;United States;BIV;KBIV;42.7427778;-86.1078333;-5;A
Keesler Afb;Biloxi;United States;BIX;KBIX;30.410425;-88.924433;-6;A
Rocky Mountain Metropolitan Airport;Broomfield-CO;United States;BJC;KBJC;39.90888888;-105.11722222;-7;A
Bemidji Regional Airport;Bemidji;United States;BJI;KBJI;47.510722;-94.934722;-6;A
Stephens Co;Breckenridge;United States;BKD;KBKD;32.719047;-98.891;-6;A
Buckley Afb;Buckley;United States;BKF;KBKF;39.701668;-104.75166;-7;A
Burke Lakefront Airport;Cleveland;United States;BKL;KBKL;41.5175;-81.683333;-5;A
Raleigh County Memorial Airport;Beckley;United States;BKW;KBKW;37.7873;-81.1242;-5;A
Blythe Airport;Blythe;United States;BLH;KBLH;33.619167;-114.716889;-8;A
Bellingham Intl;Bellingham;United States;BLI;KBLI;48.792694;-122.537528;-8;A
Scott Afb Midamerica;Belleville;United States;BLV;KBLV;38.545178;-89.835183;-6;A
Brigham City;Brigham City;United States;BMC;KBMC;41.552;-112.062;-7;A
Monroe County Airport;Bloomington;United States;BMG;KBMG;39.1460208;-86.6166805;-5;A
Central Illinois Rgnl;Bloomington;United States;BMI;KBMI;40.477111;-88.915917;-6;A
Bamburi;Bamburi;Kenya;BMQ;KBMQ;-3.9826888889;39.7308972222;3;U
Nashville Intl;Nashville;United States;BNA;KBNA;36.124472;-86.678194;-6;A
Boise Air Terminal;Boise;United States;BOI;KBOI;43.564361;-116.222861;-7;A
General Edward Lawrence Logan Intl;Boston;United States;BOS;KBOS;42.364347;-71.005181;-5;A
Bartow Municipal Airport;Bartow;United States;BOW;KBOW;27.9434;-81.7834;-6;U
Southeast Texas Rgnl;Beaumont;United States;BPT;KBPT;29.950833;-94.020694;-6;A
Brunswick Golden Isles Airport;Brunswick;United States;BQK;KBQK;31.2588;-81.4665;-5;A
Brainerd Lakes Rgnl;Brainerd;United States;BRD;KBRD;46.398308;-94.138078;-6;U
Southeast Iowa Regional Airport;Burlington;United States;BRL;KBRL;40.7832;-91.1255;-6;A
Brownsville South Padre Island Intl;Brownsville;United States;BRO;KBRO;25.906833;-97.425861;-6;A
Bert Mooney Airport;Butte;United States;BTM;KBTM;45.954806;-112.497472;-7;A
Baton Rouge Metro Ryan Fld;Baton Rouge;United States;BTR;KBTR;30.533167;-91.149639;-6;A
Burlington Intl;Burlington;United States;BTV;KBTV;44.471861;-73.153278;-5;A
Buffalo Niagara Intl;Buffalo;United States;BUF;KBUF;42.940525;-78.732167;-5;A
Bob Hope;Burbank;United States;BUR;KBUR;34.200667;-118.358667;-8;A
Municipal Airport;Burlington;United States;BUU;KBUU;42.6907171;-88.3046825;-6;A
Burlington-Alamance Regional Airport;Burlington;United States;BUY;KBUY;36.0485433;-79.4748892;-4;A
Boulder City Municipal Airport;Boulder City;United States;BLD;KBVU;35.5651;-114.514;-8;U
Phoenix-Mesa Gateway;Mesa;United States;AZA;KIWA;33.307833;-111.655;-7;N
Wings Field;Philadelphia;United States;BBX;KLOM;40.1375;-75.265;-5;A
Beaufort;Beaufort;United States;BFT;KNBC;32.477411;-80.723161;-5;A
Burgas;Bourgas;Bulgaria;BOJ;LBBG;42.569583;27.515236;2;E
Akrotiri;Akrotiri;Cyprus;AKT;LCRA;34.590416;32.987861;2;E
Alicante;Alicante;Spain;ALC;LEAL;38.282169;-0.558156;1;E
Bilbao;Bilbao;Spain;BIO;LEBB;43.301097;-2.910608;1;E
Barcelona;Barcelona;Spain;BCN;LEBL;41.297078;2.078464;1;E
Talavera La Real;Badajoz;Spain;BJZ;LEBZ;38.89125;-6.821333;1;E
Malaga;Malaga;Spain;AGP;LEMG;36.6749;-4.499106;1;E
La Garenne;Agen;France;AGF;LFBA;44.174721;0.590556;1;E
Merignac;Bordeaux;France;BOD;LFBD;44.828335;-0.715556;1;E
Brie Champniers;Angouleme;France;ANG;LFBU;45.729247;0.221456;1;E
Anglet;Biarritz-bayonne;France;BIQ;LFBZ;43.468419;-1.523325;1;E
Angers-Loire Airport;Angers/Marcé;France;ANE;LFJR;47.5603;-0.312222;1;E
Poretta;Bastia;France;BIA;LFKB;42.552664;9.483731;1;E
Campo Dell Oro;Ajaccio;France;AJA;LFKJ;41.923637;8.802917;1;E
Branches;Auxerre;France;AUF;LFLA;47.850193;3.497111;1;E
Bourges;Bourges;France;BOU;LFLD;47.058056;2.370278;1;E
Aurillac;Aurillac;France;AUR;LFLW;44.891388;2.421944;1;E
Caumont;Avignon;France;AVN;LFMV;43.9073;4.901831;1;E
Tille;Beauvais;France;BVA;LFOB;49.454444;2.112778;1;E
Guipavas;Brest;France;BES;LFRB;48.447911;-4.418539;1;E
Agrinion;Agrinion;Greece;AGQ;LGAG;38.602022;21.351208;2;E
Dimokritos;Alexandroupolis;Greece;AXD;LGAL;40.855869;25.956264;2;E
Eleftherios Venizelos Intl;Athens;Greece;ATH;LGAV;37.936358;23.944467;2;E
Karpathos;Karpathos;Greece;AOK;LGKP;35.421408;27.146008;2;E
Ferihegy;Budapest;Hungary;BUD;LHBP;47.436933;19.255592;1;E
Bari;Bari;Italy;BRI;LIBD;41.138856;16.760594;1;E
Casale;Brindisi;Italy;BDS;LIBR;40.657633;17.947033;1;E
Alghero;Alghero;Italy;AHO;LIEA;40.632133;8.290772;1;E
Bergamo Orio Al Serio;Bergamo;Italy;BGY;LIME;45.673889;9.704166;1;E
Albenga;Albenga;Italy;ALL;LIMG;44.050608;8.127428;1;E
Aosta Airport;Aosta;Italy;AOT;LIMW;45.738456;7.368719;1;E
Aviano Ab;Aviano;Italy;AVB;LIPA;46.031889;12.596472;1;E
Bologna;Bologna;Italy;BLQ;LIPE;44.535444;11.288667;1;E
Falconara;Ancona;Italy;AOI;LIPY;43.616389;13.362222;1;E
Turany;Brno;Czech Republic;BRQ;LKTB;49.151269;16.694433;1;E
Teyman;Beer-sheba;Israel;BEV;LLBS;31.287003;34.722953;2;U
Braganca;Braganca;Portugal;BGC;LPBG;41.8578;-6.707125;0;E
Banja Luka International Airport;Banja Luka;Bosnia and Herzegovina;BNX;LQBK;44.941444;17.297501;1;E
Arad;Arad;Romania;ARW;LRAR;46.17655;21.262022;2;E
Bacau;Bacau;Romania;BCM;LRBC;46.521946;26.910278;2;E
Tautii Magheraus;Baia Mare;Romania;BAY;LRBM;47.658389;23.470022;2;E
Aurel Vlaicu;Bucharest;Romania;BBU;LRBS;44.503194;26.102111;2;E
Bern Belp;Bern;Switzerland;BRN;LSZB;46.9141;7.497153;1;E
St Gallen Altenrhein;Altenrhein;Switzerland;ACH;LSZR;47.485033;9.560775;1;E
Etimesgut;Ankara;Turkey;ANK;LTAD;39.949831;32.688622;2;E
Adana;Adana;Turkey;ADA;LTAF;36.982166;35.280388;2;E
Afyon;Afyon;Turkey;AFY;LTAH;38.726425;30.601114;2;E
Antalya;Antalya;Turkey;AYT;LTAI;36.898731;30.800461;2;E
Erkilet;Kayseri;Turkey;ASR;LTAU;38.770386;35.495428;2;E
Bandirma;Bandirma;Turkey;BDM;LTBG;40.317972;27.977694;2;E
Adnan Menderes;Izmir;Turkey;ADB;LTBJ;38.292392;27.156953;2;E
Anadolu Airport;Eskissehir;Turkey;AOE;LTBY;39.809858;30.519378;2;E
Batman;Batman;Turkey;BAL;LTCJ;37.928969;41.116583;2;E
Agri Airport;Agri;Turkey;AJI;LTCO;39.6546;43.0271;2;E
Adiyaman Airport;Adiyaman;Turkey;ADF;LTCP;37.7314;38.4689;2;E
Bodrum - Milas;Bodrum;Turkey;BJV;LTFE;37.249;27.667;2;E
Beograd;Belgrade;Serbia;BEG;LYBE;44.818444;20.309139;1;E
M R Stefanik;Bratislava;Slovakia;BTS;LZIB;48.170167;17.212667;1;E
Maria Montez Intl;Barahona;Dominican Republic;BRX;MDBH;18.251464;-71.1204;-4;U
Samaná El Catey International Airport;Samana;Dominican Republic;AZS;MDCY;19.267;-69.742;-4;U
Quezaltenango Airport;Quezaltenango;Guatemala;AAZ;MGQZ;14.8656;-91.502;-6;U
Ahuas Airport;Ahuas;Honduras;AHS;MHAH;15.4722;-84.3522;-6;U
Brus Laguna Airport;Brus Laguna;Honduras;BHG;MHBL;15.7631;-84.5436;-6;U
General Juan N Alvarez Intl;Acapulco;Mexico;ACA;MMAA;16.757061;-99.753953;-6;S
Jesus Teran Intl;Aguascalientes;Mexico;AGU;MMAS;21.705558;-102.317858;-6;S
Guanajuato Intl;Del Bajio;Mexico;BJX;MMLO;20.993464;-101.480847;-6;S
Bluefields;Bluefields;Nicaragua;BEF;MNBL;11.990961;-83.774086;-6;U
Bocas Del Toro Intl;Bocas Del Toro;Panama;BOC;MPBO;9.340853;-82.250842;-5;U
Barra del Colorado Airport;Pococi;Costa Rica;BCL;MRBC;10.768736;-83.585614;-6;U
Gustavo Rizo;Baracoa Playa;Cuba;BCA;MUBA;20.365317;-74.506206;-5;U
Maximo Gomez;Ciego De Avila;Cuba;AVI;MUCA;22.027053;-78.789617;-5;U
Fresh Creek;Andros Town;Bahamas;ASD;MYAF;24.698283;-77.795611;-5;U
Spring Point;Spring Point;Bahamas;AXP;MYAP;22.441828;-73.970858;-5;U
South Bimini;Alice Town;Bahamas;BIM;MYBS;25.699881;-79.264656;-5;U
Arthurs Town Airport;Arthur's Town;Bahamas;ATC;MYCA;24.629417;-75.673775;-5;U
Aitutaki;Aitutaki;Cook Islands;AIT;NCAI;-18.830922;-159.764233;-10;U
Atiu Island Airport;Atiu Island;Cook Islands;AIU;NCAT;-19.9678;-158.119;-10;U
Abaiang Atoll Airport;Abaiang Atoll;Kiribati;ABF;NGAB;1.8;173.04;-12;U
Beru Island Airport;Beru Island;Kiribati;BEZ;NGBR;-1.254722;176.007222;10;U
Abemama Atoll Airport;Abemama;Kiribati;AEA;NGTB;0.490833;173.828611;12;U
Arorae Island Airport;Arorae;Kiribati;AIS;NGTR;-2.633333;179.816667;10;U
Butaritari Atoll Airport;Butaritari;Kiribati;BBG;NGTU;3.086521;172.811465;10;U
Aranuka Airport;Buariki;Kiribati;AAK;NGUK;0.185278;173.636389;10;U
Faleolo Intl;Faleolo;Samoa;APW;NSFA;-13.829969;-172.008336;-11;U
Anaa;Anaa;French Polynesia;AAA;NTGA;-17.352606;-145.509956;-10;U
Apataki Airport;Apataki;French Polynesia;APK;NTGD;-15.5736;-146.415;-10;U
Arutua;Arutua;French Polynesia;AXR;NTGU;-15.248289;-146.616708;-10;U
Ahe Airport;Ahe;French Polynesia;AHE;NTHE;-14.4281;-146.257;-10;U
Hiva Oa-Atuona Airport;Hiva-oa;French Polynesia;AUQ;NTMN;-9.768794;-139.011256;-9.5;U
Bora Bora;Bora Bora;French Polynesia;BOB;NTTB;-16.444378;-151.751286;-10;U
Anelghowhat Airport;Anelghowhat;Vanuatu;AUY;NVVA;-20.2492;169.771;11;U
Aniwa Airport;Aniwa;Vanuatu;AWD;NVVB;-19.24;169.605;11;U
Belep Islands Airport;Waala;New Caledonia;BMY;NWWC;-19.7206;163.661;11;U
Auckland Intl;Auckland;New Zealand;AKL;NZAA;-37.008056;174.791667;12;Z
Ardmore;Ardmore;New Zealand;AMZ;NZAR;-37.029722;174.973333;12;Z
Alexandra;Alexandra;New Zealand;ALR;NZLX;-45.211666;169.373333;12;Z
Woodbourne;Woodbourne;New Zealand;BHE;NZWB;-41.518333;173.870278;12;Z
Bamyan Airport;Bamyan;Afghanistan;BIN;OABN;34.816667;67.816667;4.5;N
Bost Airport;Lashkar Gah;Afghanistan;BST;OABT;31.558889;64.364167;4.5;U
Bagram AFB;Kabul;Afghanistan;BPM;OAIX;34.5646;69.1554;4.5;U
Sharona;Sharona;Afghanistan;AZ3;OASA;33.1277215;68.8369847;4.5;N
Bahrain Intl;Bahrain;Bahrain;BAH;OBBI;26.270834;50.63361;3;U
Abha;Abha;Saudi Arabia;AHB;OEAB;18.240367;42.656625;3;U
Al Baha;El-baha;Saudi Arabia;ABT;OEBA;20.296139;41.634277;3;U
Bisha;Bisha;Saudi Arabia;BHH;OEBH;19.98435;42.620881;3;U
Qaisumah;Hafr Al-batin;Saudi Arabia;AQI;OEPA;28.335192;46.125069;3;U
Al-Jawf Domestic Airport;Al-Jawf;Saudi Arabia;AJF;OESK;29.785133;40.100006;3;U
Abadan;Abadan;Iran;ABD;OIAA;30.371111;48.228333;4;E
Ahwaz;Ahwaz;Iran;AWZ;OIAW;31.337431;48.76195;4;E
Bushehr;Bushehr;Iran;BUZ;OIBB;28.944811;50.834637;4;E
Bandar Lengeh;Bandar Lengeh;Iran;BDH;OIBL;26.532;54.824847;4;E
Bandar Abbass Intl;Bandar Abbas;Iran;BND;OIKB;27.218317;56.37785;4;E
Bojnourd Airport;Bojnourd;Iran;BJB;OIMN;37.492958;57.308219;3.5;E
Sabzevar National Airport;Sabzevar;Iran;AFZ;OIMS;36.168083;57.595183;3.5;E
Ardabil Airport;Ardabil;Iran;ADU;OITL;38.325678;48.424356;3.5;E
Sahand Airport;Maragheh;Iran;ACP;OITM;37.348017;46.127903;3.5;E
Yazd Shahid Sadooghi;Yazd;Iran;AZD;OIYY;31.904908;54.276503;4;E
Queen Alia Intl;Amman;Jordan;AMM;OJAI;31.722556;35.993214;2;E
Marka Intl;Amman;Jordan;ADJ;OJAM;31.972703;35.991569;2;E
Aqaba King Hussein Intl;Aqaba;Jordan;AQJ;OJAQ;29.611619;35.018067;2;E
Rafic Hariri Intl;Beirut;Lebanon;BEY;OLBA;33.820931;35.488389;2;E
Abu Dhabi Intl;Abu Dhabi;United Arab Emirates;AUH;OMAA;24.432972;54.651138;4;U
Bateen;Abu Dhabi;United Arab Emirates;AZI;OMAD;24.428333;54.458084;4;U
Al Ain International Airport;Al Ain;United Arab Emirates;AAN;OMAL;24.261667;55.609167;4;U
Bannu Airport;Bannu;Pakistan;BNP;OPBN;32.9729;70.5279;5;N
Bahawalpur Airport;Bahawalpur;Pakistan;BHV;OPBW;29.3481;71.717981;5;N
Talhar;Talhar;Pakistan;BDN;OPTH;24.841519;68.838408;5;N
Baghdad International Airport;Baghdad;Iraq;BGW;ORBI;33.262539;44.234578;3;U
Basrah Intl;Basrah;Iraq;BSR;ORMM;30.549069;47.662142;3;U
Aleppo Intl;Aleppo;Syria;ALP;OSAP;36.180675;37.224358;2;E
Aden Intl;Aden;Yemen;ADE;OYAA;12.829542;45.028792;3;U
Ataq;Ataq;Yemen;AXK;OYAT;14.551322;46.826183;3;U
Beihan;Beihan;Yemen;BHN;OYBN;14.781972;45.720083;3;U
Al Ghaidah Intl;Al Ghaidah Intl;Yemen;AAY;OYGD;16.191667;52.175;3;U
Atka Airport;Atka;United States;AKB;PAAK;52.220278;-174.206389;-9;A
Barter Island Lrrs;Barter Island;United States;BTI;PABA;70.133989;-143.581867;-9;A
Bethel;Bethel;United States;BET;PABE;60.779778;-161.838;-9;A
Allen Aaf;Delta Junction;United States;BIG;PABI;63.994547;-145.721642;-9;A
Buckland Airport;Buckland;United States;BKC;PABL;65.981667;-161.149167;-9;A
Big Mountain Afs;Big Mountain;United States;BMX;PABM;59.361247;-155.258822;-9;A
Wiley Post Will Rogers Mem;Barrow;United States;BRW;PABR;71.285446;-156.766003;-9;A
Bettles;Bettles;United States;BTT;PABT;66.913944;-151.529056;-9;A
Adak Airport;Adak Island;United States;ADK;PADK;51.878;-176.646;-10;A
Kodiak;Kodiak;United States;ADQ;PADQ;57.749967;-152.493856;-9;A
Kake Airport;Kake;United States;AFE;PAFE;56.961389;-133.910278;-9;A
Ambler Airport;Ambler;United States;ABL;PAFM;67.106389;-157.8575;-9;A
Angoon Seaplane Base;Angoon;United States;AGN;PAGN;57.503611;-134.585;-9;A
Akhiok Airport;Akhiok;United States;AKK;PAKH;56.938611;-154.1825;-9;A
King Salmon;King Salmon;United States;AKN;PAKN;58.676778;-156.649278;-9;A
Anaktuvuk Pass Airport;Anaktuvuk Pass;United States;AKP;PAKP;68.1336;-151.743;-9;A
Ted Stevens Anchorage Intl;Anchorage;United States;ANC;PANC;61.174361;-149.996361;-9;A
Aniak Airport;Aniak;United States;ANI;PANI;61.5816;-159.543;-9;A
Annette Island;Annette Island;United States;ANN;PANT;55.042436;-131.572233;-9;A
Anvik Airport;Anvik;United States;ANV;PANV;62.6467;-160.191;-9;A
Klawock Seaplane Base;Klawock;United States;AQC;PAQC;55.554658;-133.101693;-9;A
Arctic Village Airport;Arctic Village;United States;ARC;PARC;68.1147;-145.579;-9;A
Atqasuk Edward Burnell Sr Memorial Airport;Atqasuk;United States;ATK;PATQ;70.4673;-157.436;-9;A
Alakanuk Airport;Alakanuk;United States;AUK;PAUK;62.68;-164.66;-9;A
Wainwright Airport;Wainwright;United States;AIN;PAWI;70.638056;-159.994722;-9;A
Akiak Airport;Akiak;United States;AKI;PFAK;60.902778;-161.230556;-9;A
Allakaket Airport;Allakaket;United States;AET;PFAL;66.5519;-152.6222;-8;A
Tok Junction Airport;Tok;United States;6K8;PFTO;63.329444;-142.953611;-9;A
Barking Sands Pmrf;Barking Sands;United States;BKH;PHBK;22.022833;-159.785;-10;A
Bradshaw Aaf;Bradshaw Field;United States;BSF;PHSF;19.760056;-155.553717;-10;A
Wake Island Afld;Wake island;Wake Island;AWK;PWAK;19.282067;166.636444;8;U
Amakusa Airfield;Amakusa;Japan;AXJ;RJDA;32.482222;130.158889;9;U
Asahikawa;Asahikawa;Japan;AKJ;RJEC;43.670833;142.4475;9;U
Amami;Amami;Japan;ASJ;RJKA;28.430633;129.712542;9;U
Aomori;Aomori;Japan;AOJ;RJSA;40.734722;140.690833;9;U
Akita;Akita;Japan;AXT;RJSK;39.615556;140.218611;9;U
Aguni Airport;Aguni;Japan;AGJ;RORA;26.592778;127.240278;9;U
Baguio;Baguio;Philippines;BAG;RPUB;16.375103;120.619636;8;N
Basco Airport;Basco;Philippines;BSO;RPUO;20.451322;121.979883;8;N
Bacolod;Bacolod;Philippines;BCD;RPVB;10.642511;122.929617;8;N
Borongan Airport;Borongan;Philippines;BPR;RPVW;11.674167;125.478611;8;N
Aeroparque Jorge Newbery;Buenos Aires;Argentina;AEP;SABE;-34.559175;-58.415606;-3;N
ZAPALA;ZAPALA;Argentina;APZ;SAHZ;-38.9755;-70.113581;-3;N
San Rafael;San Rafael;Argentina;AFA;SAMR;-34.588314;-68.403854;-3;N
Paso De Los Libres;Paso De Los Libres;Argentina;AOL;SARL;-29.689425;-57.152078;-3;N
Alto Rio Senguer Airport;Alto Rio Senguer;Argentina;ARR;SAVR;-45.016667;-70.816667;-3;N
Comandante Espora;Bahia Blanca;Argentina;BHI;SAZB;-38.724967;-62.169317;-3;N
San Carlos De Bariloche;San Carlos De Bariloche;Argentina;BRC;SAZS;-41.151172;-71.157542;-3;N
Araraquara;Araracuara;Brazil;AQA;SBAQ;-21.812;-48.133028;-3;S
Santa Maria;Aracaju;Brazil;AJU;SBAR;-10.984;-37.070333;-3;S
Alta Floresta;Alta Floresta;Brazil;AFL;SBAT;-9.866092;-56.106206;-4;S
Aracatuba;Aracatuba;Brazil;ARU;SBAU;-21.141342;-50.424722;-3;S
Araxa Airport;Araxa;Brazil;AAX;SBAX;-19.563056;-46.960278;-3;S
Val De Cans Intl;Belem;Brazil;BEL;SBBE;-1.37925;-48.476292;-3;S
Comandante Gustavo Kraemer;Bage;Brazil;BGX;SBBG;-31.390528;-54.112244;-3;S
Bacacheri;Curitiba;Brazil;BFH;SBBI;-25.405078;-49.232036;-3;S
Aeroporto Estadual Arthur Siqueira;Braganca Paulista;Brazil;BJP;SBBP;-22.979167;-46.5375;-3;S
Presidente Juscelino Kubitschek;Brasilia;Brazil;BSB;SBBR;-15.8711;-47.918625;-3;S
Bauru;Bauru;Brazil;BAU;SBBU;-22.345042;-49.0538;-3;S
Boa Vista;Boa Vista;Brazil;BVB;SBBV;2.846311;-60.690069;-4;S
Altamira;Altamira;Brazil;ATM;SBHT;-3.253906;-52.253978;-3;S
Aeroporto de Porto Seguro;Porto Seguro;Brazil;BPS;SBPS;-16.438611;-39.080833;-3;S
Chacalluta;Arica;Chile;ARI;SCAR;-18.348531;-70.338742;-4;S
Balmaceda;Balmaceda;Chile;BBA;SCBA;-45.916058;-71.689475;-3;S
Cerro Moreno Intl;Antofagasta;Chile;ANF;SCFA;-23.444478;-70.4451;-4;S
Chachoan;Ambato;Ecuador;ATF;SEAM;-1.212067;-78.574636;-5;U
Silvio Pettirossi Intl;Asuncion;Paraguay;ASU;SGAS;-25.23985;-57.519133;-4;S
Ciudad del Este;Ciudad del Este;Paraguay;AGT;SGES;-25.4555;-54.843592;-4;S
Araracuara Airport;Araracuara;Colombia;ACR;SKAC;-0.58;-72.41;-5;U
Alcides Fernandez Airport;Acandi;Colombia;ACD;SKAD;8.516667;-77.3;-5;U
El Eden;Armenia;Colombia;AXM;SKAR;4.452775;-75.766447;-5;U
Palonegro;Bucaramanga;Colombia;BGA;SKBG;7.1265;-73.184778;-5;U
Eldorado Intl;Bogota;Colombia;BOG;SKBO;4.701594;-74.146947;-5;U
Ernesto Cortissoz;Barranquilla;Colombia;BAQ;SKBQ;10.889589;-74.780819;-5;U
Jose Celestino Mutis;Bahia Solano;Colombia;BSC;SKBS;6.202917;-77.394675;-5;U
Gerardo Tobar Lopez;Buenaventura;Colombia;BUN;SKBU;3.819628;-76.989767;-5;U
Gustavo Rojas Pinilla;San Andres Island;Colombia;ADZ;SKSP;12.583594;-81.711192;-5;U
Santiago Perez;Arauca;Colombia;AUC;SKUC;7.068881;-70.736925;-5;U
Bermejo;Bermejo;Bolivia;BJO;SLBJ;-22.773336;-64.312881;-3;U
Albina Airstrip;Albina;Suriname;ABN;SMBN;5.516667;-54.05;-3;U
Wageningen Airstrip;Wageningen;Suriname;AGI;SMWA;5.76667;-56.63333;-3;U
Barreiras Airport;Barreiras;Brazil;BRA;SNBR;-12.083333;-45;-3;S
Coronel Fap Alfredo Mendivil Duarte;Ayacucho;Peru;AYP;SPHO;-13.154819;-74.204417;-5;U
Andahuaylas;Andahuaylas;Peru;ANS;SPHY;-13.706408;-73.350378;-5;U
Comandante Fap German Arias Graziani;Anta;Peru;ATA;SPHZ;-9.347444;-77.598392;-5;U
Rodriguez Ballon;Arequipa;Peru;AQP;SPQU;-16.341072;-71.583083;-5;U
Aeroporto Blumenau;BLUMENAU;Brazil;BNU;SSBL;-26.834239;-49.091696;-3;S
Oswaldo Guevara Mujica;Acarigua;Venezuela;AGV;SVAC;9.553422;-69.237536;-4;U
Anaco;Anaco;Venezuela;AAO;SVAN;9.430225;-64.470725;-4;U
General Jose Antonio Anzoategui Intl;Barcelona;Venezuela;BLA;SVBC;10.107139;-64.689161;-4;U
Barinas;Barinas;Venezuela;BNS;SVBI;8.619575;-70.220825;-4;U
Barquisimeto Intl;Barquisimeto;Venezuela;BRM;SVBM;10.042747;-69.358619;-4;U
Barcelos Airport;Barcelos;Brazil;BAZ;SWBC;-0.975;-62.923889;-4;S
Araguaina Airport;Araguaina;Brazil;AUX;SWGN;-7.228333;-48.240833;-3;S
V C Bird Intl;Antigua;Antigua and Barbuda;ANU;TAPA;17.136749;-61.792667;-4;U
Codrington Airport;Codrington;Antigua and Barbuda;BBQ;TAPH;17.6358;-61.8286;-4;U
Grantley Adams Intl;Bridgetown;Barbados;BGI;TBPB;13.074603;-59.492456;-4;U
Baillif Airport;Basse Terre;Guadeloupe;BBR;TFFB;16.0133;-61.7422;-4;U
Antonio Juarbe Pol Airport;Arecibo;Puerto Rico;ARE;TJAB;18.451111;-66.675556;-4;N
Rafael Hernandez;Aguadilla;Puerto Rico;BQN;TJBQ;18.494861;-67.129444;-4;U
Reina Beatrix Intl;Oranjestad;Aruba;AUA;TNCA;12.501389;-70.015221;-4;U
Flamingo;Kralendijk;Netherlands Antilles;BON;TNCB;12.131044;-68.268511;-4;U
Wallblake;The Valley;Anguilla;AXA;TQPF;18.204834;-63.055084;-4;U
J F Mitchell Airport;Bequia;Saint Vincent and the Grenadines;BQU;TVSB;12.988444;-61.262033;-4;U
Bermuda Intl;Bermuda;Bermuda;BDA;TXKF;32.364042;-64.678703;-4;A
Almaty;Alma-ata;Kazakhstan;ALA;UAAA;43.352072;77.040508;6;U
Aktyubinsk;Aktyubinsk;Kazakhstan;AKX;UATT;50.245833;57.206667;5;U
Arkalyk Airport;Arkalyk;Kazakhstan;AYK;UAUR;50.2395;66.941;5;U
Batumi;Batumi;Georgia;BUS;UGSB;41.610278;41.599694;2;N
Ignatyevo;Blagoveschensk;Russia;BQS;UHBB;50.425394;127.412478;10;N
Bratsk;Bratsk;Russia;BTK;UIBB;56.370556;101.698331;9;N
Talagi;Arkhangelsk;Russia;ARH;ULAA;64.360281;40.430167;4;N
Amderma Airport;Amderma;Russia;AMV;ULDD;69.7633;61.5564;4;N
Brest;Brest;Belarus;BQT;UMBB;52.06;23.53;3;E
Abakan;Abakan;Russia;ABA;UNAA;53.74;91.385;8;N
Barnaul;Barnaul;Russia;BAX;UNBB;53.363775;83.538533;7;N
Vityazevo;Anapa;Russia;AAQ;URKA;45.002097;37.347272;4;N
Sochi;Sochi;Russia;AER;URSS;43.449928;39.956589;4;N
Astrakhan;Astrakhan;Russia;ASF;URWA;46.283333;48.006278;6;N
Ashgabat;Ashkhabad;Turkmenistan;ASB;UTAA;37.986814;58.360967;5;U
Andizhan Airport;Andizhan;Uzbekistan;AZN;UTKA;40.7277;72.294;5;U
Bukhara;Bukhara;Uzbekistan;BHK;UTSB;39.775;64.483333;5;U
Sugraly Airport;Zarafshan;Uzbekistan;AFS;UTSN;41.6139;64.2332;5;U
Bykovo;Moscow;Russia;BKA;UUBB;55.617222;38.059999;4;N
Ahmedabad;Ahmedabad;India;AMD;VAAH;23.077242;72.63465;5.5;N
Akola;Akola;India;AKD;VAAK;20.699006;77.058628;5.5;N
Chhatrapati Shivaji Intl;Mumbai;India;BOM;VABB;19.088686;72.867919;5.5;N
Bhuj;Bhuj;India;BHJ;VABJ;23.287828;69.670147;5.5;N
Vadodara;Baroda;India;BDQ;VABO;22.336164;73.226289;5.5;N
Bhopal;Bhopal;India;BHO;VABP;23.287467;77.337375;5.5;N
Bhavnagar;Bhaunagar;India;BHU;VABV;21.752206;72.185181;5.5;N
Battambang Airport;Battambang;Cambodia;BBM;VDBG;13.0956;103.224;7;U
Aizawl;Aizwal;India;AJL;VEAZ;23.746603;92.802767;5.5;N
Bhubaneshwar;Bhubaneswar;India;BBI;VEBS;20.244364;85.817781;6;N
Agra;Agra;India;AGR;VIAG;27.155831;77.960892;5.5;N
Amritsar;Amritsar;India;ATQ;VIAR;31.709594;74.797264;5.5;N
Bajhang;Bajhang;Nepal;BJH;VNBG;29.53896;81.185364;5.75;N
Bhojpur;Bhojpur;Nepal;BHP;VNBJ;27.14743;87.050819;5.75;N
Bharatpur Airport;Bharatpur;Nepal;BHR;VNBP;27.6781;84.4294;5.75;N
Bajura Airport;Bajura;Nepal;BJU;VNBR;29.50611;81.66944;5.45;N
Chandragadhi Airport;Chandragarhi;Nepal;BDP;VNCG;26.570822;88.079578;5.75;N
Biratnagar;Biratnagar;Nepal;BIR;VNVT;26.481453;87.264036;5.75;N
Agatti;Agatti Island;India;AGX;VOAT;10.823656;72.176042;5.5;N
Bellary;Bellary;India;BEP;VOBI;15.162783;76.882775;5.5;N
Bangalore;Bangalore;India;BLR;VOBL;12.949986;77.668206;5.5;N
Suvarnabhumi Intl;Bangkok;Thailand;BKK;VTBS;13.681108;100.747283;7;U
Buri Ram;Buri Ram;Thailand;BFV;VTUO;15.229539;103.253231;7;U
Buon Ma Thuot Airport;Buonmethuot;Vietnam;BMV;VVBM;12.668311;108.120272;7;U
Banmaw Airport;Banmaw;Burma;BMO;VYBM;24.269033;97.246153;6.5;U
Pathein Airport;Pathein;Burma;BSX;VYPN;16.815233;94.779911;6.5;U
Sittwe;Sittwe;Burma;AKY;VYSW;20.132708;92.872628;6.5;U
Frans Kaisiepo;Biak;Indonesia;BIK;WABB;-1.190017;136.107997;9;N
Selaparang;Mataram;Indonesia;AMI;WADA;-8.560708;116.094656;8;N
Muhammad Salahuddin;Bima;Indonesia;BMU;WADB;-8.539647;118.687322;8;N
Bokondini Airport;Bokondini-Papua Island;Indonesia;BUI;WAJB;-3.58365;138.533;9;N
Barau(Kalimaru) Airport;Tanjung Redep-Borneo Island;Indonesia;BEJ;WALK;2.155497;117.432256;8;N
Sepinggan;Balikpapan;Indonesia;BPN;WALL;-1.268272;116.894478;8;N
Syamsudin Noor;Banjarmasin;Indonesia;BDJ;WAOO;-3.442356;114.762553;8;N
Pattimura;Ambon;Indonesia;AMQ;WAPP;-3.710264;128.089136;9;N
Mali Airport;Alor Island;Indonesia;ARD;WATM;-8.13234;124.597;8;N
Bintulu;Bintulu;Malaysia;BTU;WBGB;3.12385;113.020472;8;N
Belaga Airport;Belaga;Malaysia;BLG;WBGC;2.65;113.767;8;N
Bakalalan Airport;Bakalalan;Malaysia;BKM;WBGQ;3.974;115.618;8;N
Bario Airport;Bario;Malaysia;BBN;WBGZ;3.73389;115.479;8;N
Kota Kinabalu Intl;Kota Kinabalu;Malaysia;BKI;WBKK;5.937208;116.051181;8;N
Husein Sastranegara;Bandung;Indonesia;BDO;WICC;-6.900625;107.576294;7;N
Hang Nadim;Batam;Indonesia;BTH;WIDD;1.121028;104.118753;7;N
Fatmawati Soekarno;Bengkulu;Indonesia;BKS;WIPL;-3.8637;102.339036;7;N
Sultan Iskandarmuda;Banda Aceh;Indonesia;BTJ;WITT;5.523522;95.420372;7;N
Sultan Abdul Halim;Alor Setar;Malaysia;AOR;WMKA;6.189667;100.398183;8;N
Albany Airport;Albany;Australia;ALH;YABA;-34.9433;117.809;8;O
Armidale;Armidale;Australia;ARM;YARM;-30.528056;151.617222;10;O
Aurukun Airport;Aurukun;Australia;AUU;YAUR;-13.3539;141.721;10;O
Ayers Rock;Uluru;Australia;AYQ;YAYE;-25.186111;130.975556;9.5;N
Bamaga Injinoo;Amberley;Australia;ABM;YBAM;-10.950833;142.459444;10;O
Barcaldine Airport;Barcaldine;Australia;BCI;YBAR;-23.5653;145.307;10;O
Alice Springs;Alice Springs;Australia;ASP;YBAS;-23.806667;133.902222;9.5;N
Badu Island Airport;Badu Island;Australia;BDD;YBAU;-10.15;141.175;9;O
Brisbane Intl;Brisbane;Australia;BNE;YBBN;-27.384167;153.1175;10;N
Blackall;Blackall;Australia;BKQ;YBCK;-24.427778;145.428611;10;O
Broken Hill Airport;Broken Hill;Australia;BHQ;YBHI;-32.0014;141.472;9.5;O
Bedourie Airport;Bedourie;Australia;BEU;YBIE;-24.3461;139.46;10;O
Bourke Airport;Bourke;Australia;BRK;YBKE;-30.0392;145.952;10;O
Burketown Airport;Burketown;Australia;BUC;YBKT;-17.7486;139.534;10;O
Brusselton;Brusselton;Australia;BQB;YBLN;-33.687222;115.400278;8;O
Ballina Byron Gateway;Ballina Byron Bay;Australia;BNK;YBNA;-28.833889;153.5625;10;O
Boulia Airport;Boulia;Australia;BQL;YBOU;-22.9133;139.9;10;O
Brampton Island;Brampton Island;Australia;BMP;YBPI;-20.8044444021;149.2794443843;10;O
Bathurst Airport;Bathurst;Australia;BHS;YBTH;-33.4094;149.652;10;O
Bathurst Island Airport;Bathurst Island;Australia;BRT;YBTI;-11.769167;130.619722;9.5;U
Blackwater Airport;Blackwater;Australia;BLT;YBTR;-23.6031;148.807;10;O
Bundaberg;Bundaberg;Australia;BDB;YBUD;-24.903889;152.318611;10;O
Avalon;Avalon;Australia;AVV;YMAV;-38.039444;144.469444;10;O
Albury;Albury;Australia;ABX;YMAY;-36.067778;146.958056;10;O
Adelaide Intl;Adelaide;Australia;ADL;YPAD;-34.945;138.530556;9.5;O
Broome;Broome;Australia;BME;YPBR;-17.8;122.2;8;O
Belmont Airport;Lake Macquarie;Australia;BEO;YPEC;-33.066667;151.648333;10;O
Baotou Airport;Baotou;China;BAV;ZBOW;40.56;109.997;8;U
Beihai Airport;Beihai;China;BHY;ZGBH;21.5394;109.294;8;U
Ankang Airport;Ankang;China;AKA;ZLAK;32.7081;108.931;8;U
Arvaikheer Airport;Arvaikheer;Mongolia;AVK;ZMAH;46.2503;102.802;8;U
Baoshan Airport;Baoshan;China;BSD;ZPBS;25.053333;99.168333;8;U
Anqing Airport;Anqing;China;AQG;ZSAQ;30.5822;117.0502;8;N
Qamdo Bangda Airport;Bangda;China;BPX;ZUBD;30.5536;97.1083;8;U
Aksu Airport;Aksu;China;AKU;ZWAK;41.2625;80.2917;8;U
Altay Airport;Altay;China;AAT;ZWAT;47.866667;88.116667;8;U
;;;;;;;;
;;;;;;;;
;;;;;;;;
;;;;;;;;
;;;;;;;;
;;;;;;;;
;;;;;;;;
;;;;;;;;
;;;;;;;;
;;;;;;;;
;;;;;;;;
;;;;;;;;
;;;;;;;;
;;;;;;;;
;;;;;;;;
;;;;;;;;
;;;;;;;;
;;;;;;;;
;;;;;;;;
;;;;;;;;
;;;;;;;;
;;;;;;;;
;;;;;;;;
;;;;;;;;
;;;;;;;;
;;;;;;;;
;;;;;;;;
;;;;;;;;
;;;;;;;;
;;;;;;;;
;;;;;;;;
;;;;;;;;
;;;;;;;;
;;;;;;;;
;;;;;;;;
;;;;;;;;
;;;;;;;;
;;;;;;;;
;;;;;;;;
;;;;;;;;
;;;;;;;;
;;;;;;;;
;;;;;;;;
;;;;;;;;
;;;;;;;;
;;;;;;;;
;;;;;;;;
;;;;;;;;
;;;;;;;;
;;;;;;;;
;;;;;;;;
;;;;;;;;
;;;;;;;;
;;;;;;;;
;;;;;;;;
;;;;;;;;
;;;;;;;;
;;;;;;;;
;;;;;;;;
;;;;;;;;
;;;;;;;;
;;;;;;;;
;;;;;;;;
;;;;;;;;
;;;;;;;;
;;;;;;;;
;;;;;;;;
;;;;;;;;
;;;;;;;;
;;;;;;;;
;;;;;;;;
;;;;;;;;
;;;;;;;;
;;;;;;;;
;;;;;;;;
;;;;;;;;
;;;;;;;;
;;;;;;;;
;;;;;;;;
;;;;;;;;
;;;;;;;;
;;;;;;;;
;;;;;;;;
;;;;;;;;
;;;;;;;;
;;;;;;;;
;;;;;;;;
;;;;;;;;
;;;;;;;;
;;;;;;;;
;;;;;;;;
;;;;;;;;
;;;;;;;;
;;;;;;;;
;;;;;;;;
;;;;;;;;
;;;;;;;;
;;;;;;;;
;;;;;;;;
;;;;;;;;
;;;;;;;;
;;;;;;;;
;;;;;;;;
;;;;;;;;
;;;;;;;;
;;;;;;;;
;;;;;;;;
;;;;;;;;
;;;;;;;;
;;;;;;;;
;;;;;;;;
;;;;;;;;
;;;;;;;;
;;;;;;;;
;;;;;;;;
;;;;;;;;
;;;;;;;;
;;;;;;;;
;;;;;;;;
;;;;;;;;
;;;;;;;;
;;;;;;;;
;;;;;;;;
;;;;;;;;
;;;;;;;;
;;;;;;;;
;;;;;;;;
;;;;;;;;
;;;;;;;;
;;;;;;;;
;;;;;;;;
;;;;;;;;
;;;;;;;;
;;;;;;;;
;;;;;;;;
;;;;;;;;
;;;;;;;;
;;;;;;;;
;;;;;;;;
;;;;;;;;
;;;;;;;;
;;;;;;;;
;;;;;;;;
;;;;;;;;
;;;;;;;;
;;;;;;;;
;;;;;;;;
;;;;;;;;
;;;;;;;;
;;;;;;;;
;;;;;;;;
;;;;;;;;
;;;;;;;;
;;;;;;;;
;;;;;;;;
;;;;;;;;
;;;;;;;;
;;;;;;;;
;;;;;;;;
;;;;;;;;
;;;;;;;;
;;;;;;;;
;;;;;;;;
;;;;;;;;
;;;;;;;;
;;;;;;;;
;;;;;;;;
;;;;;;;;
;;;;;;;;
;;;;;;;;
;;;;;;;;
;;;;;;;;
;;;;;;;;
;;;;;;;;
;;;;;;;;
;;;;;;;;
;;;;;;;;
;;;;;;;;
;;;;;;;;
;;;;;;;;
;;;;;;;;
;;;;;;;;
;;;;;;;;
;;;;;;;;
;;;;;;;;
;;;;;;;;
;;;;;;;;
;;;;;;;;
;;;;;;;;
;;;;;;;;
;;;;;;;;
;;;;;;;;
;;;;;;;;
;;;;;;;;
;;;;;;;;
;;;;;;;;
;;;;;;;;
;;;;;;;;
;;;;;;;;
;;;;;;;;
;;;;;;;;
;;;;;;;;
;;;;;;;;
;;;;;;;;
;;;;;;;;
;;;;;;;;
;;;;;;;;
;;;;;;;;
;;;;;;;;
;;;;;;;;
;;;;;;;;
;;;;;;;;
;;;;;;;;
;;;;;;;;
;;;;;;;;
;;;;;;;;
;;;;;;;;
;;;;;;;;
;;;;;;;;
;;;;;;;;
;;;;;;;;
;;;;;;;;
;;;;;;;;
;;;;;;;;
;;;;;;;;
;;;;;;;;
;;;;;;;;
;;;;;;;;
;;;;;;;;
;;;;;;;;
;;;;;;;;
;;;;;;;;
;;;;;;;;
;;;;;;;;
;;;;;;;;
;;;;;;;;
;;;;;;;;
;;;;;;;;
;;;;;;;;
;;;;;;;;
;;;;;;;;
;;;;;;;;
;;;;;;;;
;;;;;;;;
;;;;;;;;
;;;;;;;;
;;;;;;;;
;;;;;;;;
;;;;;;;;
;;;;;;;;
;;;;;;;;
;;;;;;;;
;;;;;;;;
;;;;;;;;
;;;;;;;;
;;;;;;;;
;;;;;;;;
;;;;;;;;
;;;;;;;;
;;;;;;;;
;;;;;;;;
;;;;;;;;
;;;;;;;;
;;;;;;;;
;;;;;;;;
;;;;;;;;
;;;;;;;;
;;;;;;;;
;;;;;;;;
;;;;;;;;
;;;;;;;;
;;;;;;;;
;;;;;;;;
;;;;;;;;
;;;;;;;;
;;;;;;;;
;;;;;;;;
;;;;;;;;
;;;;;;;;
;;;;;;;;
;;;;;;;;
;;;;;;;;
;;;;;;;;
;;;;;;;;
;;;;;;;;
;;;;;;;;
;;;;;;;;
;;;;;;;;
;;;;;;;;
;;;;;;;;
;;;;;;;;
;;;;;;;;
;;;;;;;;
;;;;;;;;
;;;;;;;;
;;;;;;;;
;;;;;;;;
;;;;;;;;
;;;;;;;;
;;;;;;;;
;;;;;;;;
;;;;;;;;
;;;;;;;;
;;;;;;;;
;;;;;;;;
;;;;;;;;
;;;;;;;;
;;;;;;;;
;;;;;;;;
;;;;;;;;
;;;;;;;;
;;;;;;;;
;;;;;;;;
;;;;;;;;
;;;;;;;;
;;;;;;;;
;;;;;;;;
;;;;;;;;
;;;;;;;;
;;;;;;;;
;;;;;;;;
;;;;;;;;
;;;;;;;;
;;;;;;;;
;;;;;;;;
;;;;;;;;
;;;;;;;;
;;;;;;;;
;;;;;;;;
;;;;;;;;
;;;;;;;;
;;;;;;;;
;;;;;;;;
;;;;;;;;
;;;;;;;;
;;;;;;;;
;;;;;;;;
;;;;;;;;
;;;;;;;;
;;;;;;;;
;;;;;;;;
;;;;;;;;
;;;;;;;;
;;;;;;;;
;;;;;;;;
;;;;;;;;
;;;;;;;;
;;;;;;;;
;;;;;;;;
;;;;;;;;
;;;;;;;;
;;;;;;;;
;;;;;;;;
;;;;;;;;
;;;;;;;;
;;;;;;;;
;;;;;;;;
;;;;;;;;
;;;;;;;;
;;;;;;;;
;;;;;;;;
;;;;;;;;
;;;;;;;;
;;;;;;;;
;;;;;;;;
;;;;;;;;
;;;;;;;;
;;;;;;;;
;;;;;;;;
;;;;;;;;
;;;;;;;;
;;;;;;;;
;;;;;;;;
;;;;;;;;
;;;;;;;;
;;;;;;;;
;;;;;;;;
;;;;;;;;
;;;;;;;;
;;;;;;;;
;;;;;;;;
;;;;;;;;
;;;;;;;;
;;;;;;;;
;;;;;;;;
;;;;;;;;
;;;;;;;;
;;;;;;;;
;;;;;;;;
;;;;;;;;
;;;;;;;;
;;;;;;;;
;;;;;;;;
;;;;;;;;
;;;;;;;;
;;;;;;;;
;;;;;;;;
;;;;;;;;
;;;;;;;;
;;;;;;;;
;;;;;;;;
;;;;;;;;
;;;;;;;;
;;;;;;;;
;;;;;;;;
;;;;;;;;
;;;;;;;;
;;;;;;;;
;;;;;;;;
;;;;;;;;
;;;;;;;;
;;;;;;;;
;;;;;;;;
;;;;;;;;
;;;;;;;;
;;;;;;;;
;;;;;;;;
;;;;;;;;
;;;;;;;;
;;;;;;;;
;;;;;;;;
;;;;;;;;
;;;;;;;;
;;;;;;;;
;;;;;;;;
;;;;;;;;
;;;;;;;;
;;;;;;;;
;;;;;;;;
;;;;;;;;
;;;;;;;;
;;;;;;;;
;;;;;;;;
;;;;;;;;
;;;;;;;;
;;;;;;;;
;;;;;;;;
;;;;;;;;
;;;;;;;;
;;;;;;;;
;;;;;;;;
;;;;;;;;
;;;;;;;;
;;;;;;;;
;;;;;;;;
;;;;;;;;
;;;;;;;;
;;;;;;;;
;;;;;;;;
;;;;;;;;
;;;;;;;;
;;;;;;;;
;;;;;;;;
;;;;;;;;
;;;;;;;;
;;;;;;;;
;;;;;;;;
;;;;;;;;
;;;;;;;;
;;;;;;;;
;;;;;;;;
;;;;;;;;
;;;;;;;;
;;;;;;;;
;;;;;;;;
;;;;;;;;
;;;;;;;;
;;;;;;;;
;;;;;;;;
;;;;;;;;
;;;;;;;;
;;;;;;;;
;;;;;;;;
;;;;;;;;
;;;;;;;;
;;;;;;;;
;;;;;;;;
;;;;;;;;
;;;;;;;;
;;;;;;;;
;;;;;;;;
;;;;;;;;
;;;;;;;;
;;;;;;;;
;;;;;;;;
;;;;;;;;
;;;;;;;;
;;;;;;;;
;;;;;;;;
;;;;;;;;
;;;;;;;;
;;;;;;;;
;;;;;;;;
;;;;;;;;
;;;;;;;;
;;;;;;;;
;;;;;;;;
;;;;;;;;
;;;;;;;;
;;;;;;;;
;;;;;;;;
;;;;;;;;
;;;;;;;;
;;;;;;;;
;;;;;;;;
;;;;;;;;
;;;;;;;;
;;;;;;;;
;;;;;;;;
;;;;;;;;
;;;;;;;;
;;;;;;;;
;;;;;;;;
;;;;;;;;
;;;;;;;;
;;;;;;;;
;;;;;;;;
;;;;;;;;
;;;;;;;;
;;;;;;;;
;;;;;;;;
;;;;;;;;
;;;;;;;;
;;;;;;;;
;;;;;;;;
;;;;;;;;
;;;;;;;;
;;;;;;;;
;;;;;;;;
;;;;;;;;
;;;;;;;;
;;;;;;;;
;;;;;;;;
;;;;;;;;
;;;;;;;;
;;;;;;;;
;;;;;;;;
;;;;;;;;
;;;;;;;;
;;;;;;;;
;;;;;;;;
;;;;;;;;
;;;;;;;;
;;;;;;;;
;;;;;;;;
;;;;;;;;
;;;;;;;;
;;;;;;;;
;;;;;;;;
;;;;;;;;
;;;;;;;;
;;;;;;;;
;;;;;;;;
;;;;;;;;
;;;;;;;;
;;;;;;;;
;;;;;;;;
;;;;;;;;
;;;;;;;;
;;;;;;;;
;;;;;;;;
;;;;;;;;
;;;;;;;;
;;;;;;;;
;;;;;;;;
;;;;;;;;
;;;;;;;;
;;;;;;;;
;;;;;;;;
;;;;;;;;
;;;;;;;;
;;;;;;;;
;;;;;;;;
;;;;;;;;
;;;;;;;;
;;;;;;;;
;;;;;;;;
;;;;;;;;
;;;;;;;;
;;;;;;;;
;;;;;;;;
;;;;;;;;
;;;;;;;;
;;;;;;;;
;;;;;;;;
;;;;;;;;
;;;;;;;;
;;;;;;;;
;;;;;;;;
;;;;;;;;
;;;;;;;;
;;;;;;;;
;;;;;;;;
;;;;;;;;
;;;;;;;;
;;;;;;;;
;;;;;;;;
;;;;;;;;
;;;;;;;;
;;;;;;;;
;;;;;;;;
;;;;;;;;
;;;;;;;;
;;;;;;;;
;;;;;;;;
;;;;;;;;
;;;;;;;;
;;;;;;;;
;;;;;;;;
;;;;;;;;
;;;;;;;;
;;;;;;;;
;;;;;;;;
;;;;;;;;
;;;;;;;;
;;;;;;;;
;;;;;;;;
;;;;;;;;
;;;;;;;;
;;;;;;;;
;;;;;;;;
;;;;;;;;
;;;;;;;;
;;;;;;;;
;;;;;;;;
;;;;;;;;
;;;;;;;;
;;;;;;;;
;;;;;;;;
;;;;;;;;
;;;;;;;;
;;;;;;;;
;;;;;;;;
;;;;;;;;
;;;;;;;;
;;;;;;;;
;;;;;;;;
;;;;;;;;
;;;;;;;;
;;;;;;;;
;;;;;;;;
;;;;;;;;
;;;;;;;;
;;;;;;;;
;;;;;;;;
;;;;;;;;
;;;;;;;;
;;;;;;;;
;;;;;;;;
;;;;;;;;
;;;;;;;;
;;;;;;;;
;;;;;;;;
;;;;;;;;
;;;;;;;;
;;;;;;;;
;;;;;;;;
;;;;;;;;
;;;;;;;;
;;;;;;;;
;;;;;;;;
;;;;;;;;
;;;;;;;;
;;;;;;;;
;;;;;;;;
;;;;;;;;
;;;;;;;;
;;;;;;;;
;;;;;;;;
;;;;;;;;
;;;;;;;;
;;;;;;;;
;;;;;;;;
;;;;;;;;
;;;;;;;;
;;;;;;;;
;;;;;;;;
;;;;;;;;
;;;;;;;;
;;;;;;;;
;;;;;;;;
;;;;;;;;
;;;;;;;;
;;;;;;;;
;;;;;;;;
;;;;;;;;
;;;;;;;;
;;;;;;;;
;;;;;;;;
;;;;;;;;
;;;;;;;;
;;;;;;;;
;;;;;;;;
;;;;;;;;
;;;;;;;;
;;;;;;;;
;;;;;;;;
;;;;;;;;
;;;;;;;;
;;;;;;;;
;;;;;;;;
;;;;;;;;
;;;;;;;;
;;;;;;;;
;;;;;;;;
;;;;;;;;
;;;;;;;;
;;;;;;;;
;;;;;;;;
;;;;;;;;
;;;;;;;;
;;;;;;;;
;;;;;;;;
;;;;;;;;
;;;;;;;;
;;;;;;;;
;;;;;;;;
;;;;;;;;
;;;;;;;;
;;;;;;;;
;;;;;;;;
;;;;;;;;
;;;;;;;;
;;;;;;;;
;;;;;;;;
;;;;;;;;
;;;;;;;;
;;;;;;;;
;;;;;;;;
;;;;;;;;
;;;;;;;;
;;;;;;;;
;;;;;;;;
;;;;;;;;
;;;;;;;;
;;;;;;;;
;;;;;;;;
;;;;;;;;
;;;;;;;;
;;;;;;;;
;;;;;;;;
;;;;;;;;
;;;;;;;;
;;;;;;;;
;;;;;;;;
;;;;;;;;
;;;;;;;;
;;;;;;;;
;;;;;;;;
;;;;;;;;
;;;;;;;;
;;;;;;;;
;;;;;;;;
;;;;;;;;
;;;;;;;;
;;;;;;;;
;;;;;;;;
;;;;;;;;
;;;;;;;;
;;;;;;;;
;;;;;;;;
;;;;;;;;
;;;;;;;;
;;;;;;;;
;;;;;;;;
;;;;;;;;
;;;;;;;;
;;;;;;;;
;;;;;;;;
;;;;;;;;
;;;;;;;;
;;;;;;;;
;;;;;;;;
;;;;;;;;
;;;;;;;;
;;;;;;;;
;;;;;;;;
;;;;;;;;
;;;;;;;;
;;;;;;;;
;;;;;;;;
;;;;;;;;
;;;;;;;;
;;;;;;;;
;;;;;;;;
;;;;;;;;
;;;;;;;;
;;;;;;;;
;;;;;;;;
;;;;;;;;
;;;;;;;;
;;;;;;;;
;;;;;;;;
;;;;;;;;
;;;;;;;;
;;;;;;;;
;;;;;;;;
;;;;;;;;
;;;;;;;;
;;;;;;;;
;;;;;;;;
;;;;;;;;
;;;;;;;;
;;;;;;;;
;;;;;;;;
;;;;;;;;
;;;;;;;;
;;;;;;;;
;;;;;;;;
;;;;;;;;
;;;;;;;;
;;;;;;;;
;;;;;;;;
;;;;;;;;
;;;;;;;;
;;;;;;;;
;;;;;;;;
;;;;;;;;
;;;;;;;;
;;;;;;;;
;;;;;;;;
;;;;;;;;
;;;;;;;;
;;;;;;;;
;;;;;;;;
;;;;;;;;
;;;;;;;;
;;;;;;;;
;;;;;;;;
;;;;;;;;
;;;;;;;;
;;;;;;;;
;;;;;;;;
;;;;;;;;
;;;;;;;;
;;;;;;;;
;;;;;;;;
;;;;;;;;
;;;;;;;;
;;;;;;;;
;;;;;;;;
;;;;;;;;
;;;;;;;;
;;;;;;;;
;;;;;;;;
;;;;;;;;
;;;;;;;;
;;;;;;;;
;;;;;;;;
;;;;;;;;
;;;;;;;;
;;;;;;;;
;;;;;;;;
;;;;;;;;
;;;;;;;;
;;;;;;;;
;;;;;;;;
;;;;;;;;
;;;;;;;;
;;;;;;;;
;;;;;;;;
;;;;;;;;
;;;;;;;;
;;;;;;;;
;;;;;;;;
;;;;;;;;
;;;;;;;;
;;;;;;;;
;;;;;;;;
;;;;;;;;
;;;;;;;;
;;;;;;;;
;;;;;;;;
;;;;;;;;
;;;;;;;;
;;;;;;;;
;;;;;;;;
;;;;;;;;
;;;;;;;;
;;;;;;;;
;;;;;;;;
;;;;;;;;
;;;;;;;;
;;;;;;;;
;;;;;;;;
;;;;;;;;
;;;;;;;;
;;;;;;;;
;;;;;;;;
;;;;;;;;
;;;;;;;;
;;;;;;;;
;;;;;;;;
;;;;;;;;
;;;;;;;;
;;;;;;;;
;;;;;;;;
;;;;;;;;
;;;;;;;;
;;;;;;;;
;;;;;;;;
;;;;;;;;
;;;;;;;;
;;;;;;;;
;;;;;;;;
;;;;;;;;
;;;;;;;;
;;;;;;;;
;;;;;;;;
;;;;;;;;
;;;;;;;;
;;;;;;;;
;;;;;;;;
;;;;;;;;
;;;;;;;;
;;;;;;;;
;;;;;;;;
;;;;;;;;
;;;;;;;;
;;;;;;;;
;;;;;;;;
;;;;;;;;
;;;;;;;;
;;;;;;;;
;;;;;;;;
;;;;;;;;
;;;;;;;;
;;;;;;;;
;;;;;;;;
;;;;;;;;
;;;;;;;;
;;;;;;;;
;;;;;;;;
;;;;;;;;
;;;;;;;;
;;;;;;;;
;;;;;;;;
;;;;;;;;
;;;;;;;;
;;;;;;;;
;;;;;;;;
;;;;;;;;
;;;;;;;;
;;;;;;;;
;;;;;;;;
;;;;;;;;
;;;;;;;;
;;;;;;;;
;;;;;;;;
;;;;;;;;
;;;;;;;;
;;;;;;;;
;;;;;;;;
;;;;;;;;
;;;;;;;;
;;;;;;;;
;;;;;;;;
;;;;;;;;
;;;;;;;;
;;;;;;;;
;;;;;;;;
;;;;;;;;
;;;;;;;;
;;;;;;;;
;;;;;;;;
;;;;;;;;
;;;;;;;;
;;;;;;;;
;;;;;;;;
;;;;;;;;
;;;;;;;;
;;;;;;;;
;;;;;;;;
;;;;;;;;
;;;;;;;;
;;;;;;;;
;;;;;;;;
;;;;;;;;
;;;;;;;;
;;;;;;;;
;;;;;;;;
;;;;;;;;
;;;;;;;;
;;;;;;;;
;;;;;;;;
;;;;;;;;
;;;;;;;;
;;;;;;;;
;;;;;;;;
;;;;;;;;
;;;;;;;;
;;;;;;;;
;;;;;;;;
;;;;;;;;
;;;;;;;;
;;;;;;;;
;;;;;;;;
;;;;;;;;
;;;;;;;;
;;;;;;;;
;;;;;;;;
;;;;;;;;
;;;;;;;;
;;;;;;;;
;;;;;;;;
;;;;;;;;
;;;;;;;;
;;;;;;;;
;;;;;;;;
;;;;;;;;
;;;;;;;;
;;;;;;;;
;;;;;;;;
;;;;;;;;
;;;;;;;;
;;;;;;;;
;;;;;;;;
;;;;;;;;
;;;;;;;;
;;;;;;;;
;;;;;;;;
;;;;;;;;
;;;;;;;;
;;;;;;;;
;;;;;;;;
;;;;;;;;
;;;;;;;;
;;;;;;;;
;;;;;;;;
;;;;;;;;
;;;;;;;;
;;;;;;;;
;;;;;;;;
;;;;;;;;
;;;;;;;;
;;;;;;;;
;;;;;;;;
;;;;;;;;
;;;;;;;;
;;;;;;;;
;;;;;;;;
;;;;;;;;
;;;;;;;;
;;;;;;;;
;;;;;;;;
;;;;;;;;
;;;;;;;;
;;;;;;;;
;;;;;;;;
;;;;;;;;
;;;;;;;;
;;;;;;;;
;;;;;;;;
;;;;;;;;
;;;;;;;;
;;;;;;;;
;;;;;;;;
;;;;;;;;
;;;;;;;;
;;;;;;;;
;;;;;;;;
;;;;;;;;
;;;;;;;;
;;;;;;;;
;;;;;;;;
;;;;;;;;
;;;;;;;;
;;;;;;;;
;;;;;;;;
;;;;;;;;
;;;;;;;;
;;;;;;;;
;;;;;;;;
;;;;;;;;
;;;;;;;;
;;;;;;;;
;;;;;;;;
;;;;;;;;
;;;;;;;;
;;;;;;;;
;;;;;;;;
;;;;;;;;
;;;;;;;;
;;;;;;;;
;;;;;;;;
;;;;;;;;
;;;;;;;;
;;;;;;;;
;;;;;;;;
;;;;;;;;
;;;;;;;;
;;;;;;;;
;;;;;;;;
;;;;;;;;
;;;;;;;;
;;;;;;;;
;;;;;;;;
;;;;;;;;
;;;;;;;;
;;;;;;;;
;;;;;;;;
;;;;;;;;
;;;;;;;;
;;;;;;;;
;;;;;;;;
;;;;;;;;
;;;;;;;;
;;;;;;;;
;;;;;;;;
;;;;;;;;
;;;;;;;;
;;;;;;;;
;;;;;;;;
;;;;;;;;
;;;;;;;;
;;;;;;;;
;;;;;;;;
;;;;;;;;
;;;;;;;;
;;;;;;;;
;;;;;;;;
;;;;;;;;
;;;;;;;;
;;;;;;;;
;;;;;;;;
;;;;;;;;
;;;;;;;;
;;;;;;;;
;;;;;;;;
;;;;;;;;
;;;;;;;;
;;;;;;;;
;;;;;;;;
;;;;;;;;
;;;;;;;;
;;;;;;;;
;;;;;;;;
;;;;;;;;
;;;;;;;;
;;;;;;;;
;;;;;;;;
;;;;;;;;
;;;;;;;;
;;;;;;;;
;;;;;;;;
;;;;;;;;
;;;;;;;;
;;;;;;;;
;;;;;;;;
;;;;;;;;
;;;;;;;;
;;;;;;;;
;;;;;;;;
;;;;;;;;
;;;;;;;;
;;;;;;;;
;;;;;;;;
;;;;;;;;
;;;;;;;;
;;;;;;;;
;;;;;;;;
;;;;;;;;
;;;;;;;;
;;;;;;;;
;;;;;;;;
;;;;;;;;
;;;;;;;;
;;;;;;;;
;;;;;;;;
;;;;;;;;
;;;;;;;;
;;;;;;;;
;;;;;;;;
;;;;;;;;
;;;;;;;;
;;;;;;;;
;;;;;;;;
;;;;;;;;
;;;;;;;;
;;;;;;;;
;;;;;;;;
;;;;;;;;
;;;;;;;;
;;;;;;;;
;;;;;;;;
;;;;;;;;
;;;;;;;;
;;;;;;;;
;;;;;;;;
;;;;;;;;
;;;;;;;;
;;;;;;;;
;;;;;;;;
;;;;;;;;
;;;;;;;;
;;;;;;;;
;;;;;;;;
;;;;;;;;
;;;;;;;;
;;;;;;;;
;;;;;;;;
;;;;;;;;
;;;;;;;;
;;;;;;;;
;;;;;;;;
;;;;;;;;
;;;;;;;;
;;;;;;;;
;;;;;;;;
;;;;;;;;
;;;;;;;;
;;;;;;;;
;;;;;;;;
;;;;;;;;
;;;;;;;;
;;;;;;;;
;;;;;;;;
;;;;;;;;
;;;;;;;;
;;;;;;;;
;;;;;;;;
;;;;;;;;
;;;;;;;;
;;;;;;;;
;;;;;;;;
;;;;;;;;
;;;;;;;;
;;;;;;;;
;;;;;;;;
;;;;;;;;
;;;;;;;;
;;;;;;;;
;;;;;;;;
;;;;;;;;
;;;;;;;;
;;;;;;;;
;;;;;;;;
;;;;;;;;
;;;;;;;;
;;;;;;;;
;;;;;;;;
;;;;;;;;
;;;;;;;;
;;;;;;;;
;;;;;;;;
;;;;;;;;
;;;;;;;;
;;;;;;;;
;;;;;;;;
;;;;;;;;
;;;;;;;;
;;;;;;;;
;;;;;;;;
;;;;;;;;
;;;;;;;;
;;;;;;;;
;;;;;;;;
;;;;;;;;
;;;;;;;;
;;;;;;;;
;;;;;;;;
;;;;;;;;
;;;;;;;;
;;;;;;;;
;;;;;;;;
;;;;;;;;
;;;;;;;;
;;;;;;;;
;;;;;;;;
;;;;;;;;
;;;;;;;;
;;;;;;;;
;;;;;;;;
;;;;;;;;
;;;;;;;;
;;;;;;;;
;;;;;;;;
;;;;;;;;
;;;;;;;;
;;;;;;;;
;;;;;;;;
;;;;;;;;
;;;;;;;;
;;;;;;;;
;;;;;;;;
;;;;;;;;
;;;;;;;;
;;;;;;;;
;;;;;;;;
;;;;;;;;
;;;;;;;;
;;;;;;;;
;;;;;;;;
;;;;;;;;
;;;;;;;;
;;;;;;;;
;;;;;;;;
;;;;;;;;
;;;;;;;;
;;;;;;;;
;;;;;;;;
;;;;;;;;
;;;;;;;;
;;;;;;;;
;;;;;;;;
;;;;;;;;
;;;;;;;;
;;;;;;;;
;;;;;;;;
;;;;;;;;
;;;;;;;;
;;;;;;;;
;;;;;;;;
;;;;;;;;
;;;;;;;;
;;;;;;;;
;;;;;;;;
;;;;;;;;
;;;;;;;;
;;;;;;;;
;;;;;;;;
;;;;;;;;
;;;;;;;;
;;;;;;;;
;;;;;;;;
;;;;;;;;
;;;;;;;;
;;;;;;;;
;;;;;;;;
;;;;;;;;
;;;;;;;;
;;;;;;;;
;;;;;;;;
;;;;;;;;
;;;;;;;;
;;;;;;;;
;;;;;;;;
;;;;;;;;
;;;;;;;;
;;;;;;;;
;;;;;;;;
;;;;;;;;
;;;;;;;;
;;;;;;;;
;;;;;;;;
;;;;;;;;
;;;;;;;;
;;;;;;;;
;;;;;;;;
;;;;;;;;
;;;;;;;;
;;;;;;;;
;;;;;;;;
;;;;;;;;
;;;;;;;;
;;;;;;;;
;;;;;;;;
;;;;;;;;
;;;;;;;;
;;;;;;;;
;;;;;;;;
;;;;;;;;
;;;;;;;;
;;;;;;;;
;;;;;;;;
;;;;;;;;
;;;;;;;;
;;;;;;;;
;;;;;;;;
;;;;;;;;
;;;;;;;;
;;;;;;;;
;;;;;;;;
;;;;;;;;
;;;;;;;;
;;;;;;;;
;;;;;;;;
;;;;;;;;
;;;;;;;;
;;;;;;;;
;;;;;;;;
;;;;;;;;
;;;;;;;;
;;;;;;;;
;;;;;;;;
;;;;;;;;
;;;;;;;;
;;;;;;;;
;;;;;;;;
;;;;;;;;
;;;;;;;;
;;;;;;;;
;;;;;;;;
;;;;;;;;
;;;;;;;;
;;;;;;;;
;;;;;;;;
;;;;;;;;
;;;;;;;;
;;;;;;;;
;;;;;;;;
;;;;;;;;
;;;;;;;;
;;;;;;;;
;;;;;;;;
;;;;;;;;
;;;;;;;;
;;;;;;;;
;;;;;;;;
;;;;;;;;
;;;;;;;;
;;;;;;;;
;;;;;;;;
;;;;;;;;
;;;;;;;;
;;;;;;;;
;;;;;;;;
;;;;;;;;
;;;;;;;;
;;;;;;;;
;;;;;;;;
;;;;;;;;
;;;;;;;;
;;;;;;;;
;;;;;;;;
;;;;;;;;
;;;;;;;;
;;;;;;;;
;;;;;;;;
;;;;;;;;
;;;;;;;;
;;;;;;;;
;;;;;;;;
;;;;;;;;
;;;;;;;;
;;;;;;;;
;;;;;;;;
;;;;;;;;
;;;;;;;;
;;;;;;;;
;;;;;;;;
;;;;;;;;
;;;;;;;;
;;;;;;;;
;;;;;;;;
;;;;;;;;
;;;;;;;;
;;;;;;;;
;;;;;;;;
;;;;;;;;
;;;;;;;;
;;;;;;;;
;;;;;;;;
;;;;;;;;
;;;;;;;;
;;;;;;;;
;;;;;;;;
;;;;;;;;
;;;;;;;;
;;;;;;;;
;;;;;;;;
;;;;;;;;
;;;;;;;;
;;;;;;;;
;;;;;;;;
;;;;;;;;
;;;;;;;;
;;;;;;;;
;;;;;;;;
;;;;;;;;
;;;;;;;;
;;;;;;;;
;;;;;;;;
;;;;;;;;
;;;;;;;;
;;;;;;;;
;;;;;;;;
;;;;;;;;
;;;;;;;;
;;;;;;;;
;;;;;;;;
;;;;;;;;
;;;;;;;;
;;;;;;;;
;;;;;;;;
;;;;;;;;
;;;;;;;;
;;;;;;;;
;;;;;;;;
;;;;;;;;
;;;;;;;;
;;;;;;;;
;;;;;;;;
;;;;;;;;
;;;;;;;;
;;;;;;;;
;;;;;;;;
;;;;;;;;
;;;;;;;;
;;;;;;;;
;;;;;;;;
;;;;;;;;
;;;;;;;;
;;;;;;;;
;;;;;;;;
;;;;;;;;
;;;;;;;;
;;;;;;;;
;;;;;;;;
;;;;;;;;
;;;;;;;;
;;;;;;;;
;;;;;;;;
;;;;;;;;
;;;;;;;;
;;;;;;;;
;;;;;;;;
;;;;;;;;
;;;;;;;;
;;;;;;;;
;;;;;;;;
;;;;;;;;
;;;;;;;;
;;;;;;;;
;;;;;;;;
;;;;;;;;
;;;;;;;;
;;;;;;;;
;;;;;;;;
;;;;;;;;
;;;;;;;;
;;;;;;;;
;;;;;;;;
;;;;;;;;
;;;;;;;;
;;;;;;;;
;;;;;;;;
;;;;;;;;
;;;;;;;;
;;;;;;;;
;;;;;;;;
;;;;;;;;
;;;;;;;;
;;;;;;;;
;;;;;;;;
;;;;;;;;
;;;;;;;;
;;;;;;;;
;;;;;;;;
;;;;;;;;
;;;;;;;;
;;;;;;;;
;;;;;;;;
;;;;;;;;
;;;;;;;;
;;;;;;;;
;;;;;;;;
;;;;;;;;
;;;;;;;;
;;;;;;;;
;;;;;;;;
;;;;;;;;
;;;;;;;;
;;;;;;;;
;;;;;;;;
;;;;;;;;
;;;;;;;;
;;;;;;;;
;;;;;;;;
;;;;;;;;
;;;;;;;;
;;;;;;;;
;;;;;;;;
;;;;;;;;
;;;;;;;;
;;;;;;;;
;;;;;;;;
;;;;;;;;
;;;;;;;;
;;;;;;;;
;;;;;;;;
;;;;;;;;
;;;;;;;;
;;;;;;;;
;;;;;;;;
;;;;;;;;
;;;;;;;;
;;;;;;;;
;;;;;;;;
;;;;;;;;
;;;;;;;;
;;;;;;;;
;;;;;;;;
;;;;;;;;
;;;;;;;;
;;;;;;;;
;;;;;;;;
;;;;;;;;
;;;;;;;;
;;;;;;;;
;;;;;;;;
;;;;;;;;
;;;;;;;;
;;;;;;;;
;;;;;;;;
;;;;;;;;
;;;;;;;;
;;;;;;;;
;;;;;;;;
;;;;;;;;
;;;;;;;;
;;;;;;;;
;;;;;;;;
;;;;;;;;
;;;;;;;;
;;;;;;;;
;;;;;;;;
;;;;;;;;
;;;;;;;;
;;;;;;;;
;;;;;;;;
;;;;;;;;
;;;;;;;;
;;;;;;;;
;;;;;;;;
;;;;;;;;
;;;;;;;;
;;;;;;;;
;;;;;;;;
;;;;;;;;
;;;;;;;;
;;;;;;;;
;;;;;;;;
;;;;;;;;
;;;;;;;;
;;;;;;;;
;;;;;;;;
;;;;;;;;
;;;;;;;;
;;;;;;;;
;;;;;;;;
;;;;;;;;
;;;;;;;;
;;;;;;;;
;;;;;;;;
;;;;;;;;
;;;;;;;;
;;;;;;;;
;;;;;;;;
;;;;;;;;
;;;;;;;;
;;;;;;;;
;;;;;;;;
;;;;;;;;
;;;;;;;;
;;;;;;;;
;;;;;;;;
;;;;;;;;
;;;;;;;;
;;;;;;;;
;;;;;;;;
;;;;;;;;
;;;;;;;;
;;;;;;;;
;;;;;;;;
;;;;;;;;
;;;;;;;;
;;;;;;;;
;;;;;;;;
;;;;;;;;
;;;;;;;;
;;;;;;;;
;;;;;;;;
;;;;;;;;
;;;;;;;;
;;;;;;;;
;;;;;;;;
;;;;;;;;
;;;;;;;;
;;;;;;;;
;;;;;;;;
;;;;;;;;
;;;;;;;;
;;;;;;;;
;;;;;;;;
;;;;;;;;
;;;;;;;;
;;;;;;;;
;;;;;;;;
;;;;;;;;
;;;;;;;;
;;;;;;;;
;;;;;;;;
;;;;;;;;
;;;;;;;;
;;;;;;;;
;;;;;;;;
;;;;;;;;
;;;;;;;;
;;;;;;;;
;;;;;;;;
;;;;;;;;
;;;;;;;;
;;;;;;;;
;;;;;;;;
;;;;;;;;
;;;;;;;;
;;;;;;;;
;;;;;;;;
;;;;;;;;
;;;;;;;;
;;;;;;;;
;;;;;;;;
;;;;;;;;
;;;;;;;;
;;;;;;;;
;;;;;;;;
;;;;;;;;
;;;;;;;;
;;;;;;;;
;;;;;;;;
;;;;;;;;
;;;;;;;;
;;;;;;;;
;;;;;;;;
;;;;;;;;
;;;;;;;;
;;;;;;;;
;;;;;;;;
;;;;;;;;
;;;;;;;;
;;;;;;;;
;;;;;;;;
;;;;;;;;
;;;;;;;;
;;;;;;;;
;;;;;;;;
;;;;;;;;
;;;;;;;;
;;;;;;;;
;;;;;;;;
;;;;;;;;
;;;;;;;;
;;;;;;;;
;;;;;;;;
;;;;;;;;
;;;;;;;;
;;;;;;;;
;;;;;;;;
;;;;;;;;
;;;;;;;;
;;;;;;;;
;;;;;;;;
;;;;;;;;
;;;;;;;;
;;;;;;;;
;;;;;;;;
;;;;;;;;
;;;;;;;;
;;;;;;;;
;;;;;;;;
;;;;;;;;
;;;;;;;;
;;;;;;;;
;;;;;;;;
;;;;;;;;
;;;;;;;;
;;;;;;;;
;;;;;;;;
;;;;;;;;
;;;;;;;;
;;;;;;;;
;;;;;;;;
;;;;;;;;
;;;;;;;;
;;;;;;;;
;;;;;;;;
;;;;;;;;
;;;;;;;;
;;;;;;;;
;;;;;;;;
;;;;;;;;
;;;;;;;;
;;;;;;;;
;;;;;;;;
;;;;;;;;
;;;;;;;;
;;;;;;;;
;;;;;;;;
;;;;;;;;
;;;;;;;;
;;;;;;;;
;;;;;;;;
;;;;;;;;
;;;;;;;;
;;;;;;;;
;;;;;;;;
;;;;;;;;
;;;;;;;;
;;;;;;;;
;;;;;;;;
;;;;;;;;
;;;;;;;;
;;;;;;;;
;;;;;;;;
;;;;;;;;
;;;;;;;;
;;;;;;;;
;;;;;;;;
;;;;;;;;
;;;;;;;;
;;;;;;;;
;;;;;;;;
;;;;;;;;
;;;;;;;;
;;;;;;;;
;;;;;;;;
;;;;;;;;
;;;;;;;;
;;;;;;;;
;;;;;;;;
;;;;;;;;
;;;;;;;;
;;;;;;;;
;;;;;;;;
;;;;;;;;
;;;;;;;;
;;;;;;;;
;;;;;;;;
;;;;;;;;
;;;;;;;;
;;;;;;;;
;;;;;;;;
;;;;;;;;
;;;;;;;;
;;;;;;;;
;;;;;;;;
;;;;;;;;
;;;;;;;;
;;;;;;;;
;;;;;;;;
;;;;;;;;
;;;;;;;;
;;;;;;;;
;;;;;;;;
;;;;;;;;
;;;;;;;;
;;;;;;;;
;;;;;;;;
;;;;;;;;
;;;;;;;;
;;;;;;;;
;;;;;;;;
;;;;;;;;
;;;;;;;;
;;;;;;;;
;;;;;;;;
;;;;;;;;
;;;;;;;;
;;;;;;;;
;;;;;;;;
;;;;;;;;
;;;;;;;;
;;;;;;;;
;;;;;;;;
;;;;;;;;
;;;;;;;;
;;;;;;;;
;;;;;;;;
;;;;;;;;
;;;;;;;;
;;;;;;;;
;;;;;;;;
;;;;;;;;
;;;;;;;;
;;;;;;;;
;;;;;;;;
;;;;;;;;
;;;;;;;;
;;;;;;;;
;;;;;;;;
;;;;;;;;
;;;;;;;;
;;;;;;;;
;;;;;;;;
;;;;;;;;
;;;;;;;;
;;;;;;;;
;;;;;;;;
;;;;;;;;
;;;;;;;;
;;;;;;;;
;;;;;;;;
;;;;;;;;
;;;;;;;;
;;;;;;;;
;;;;;;;;
;;;;;;;;
;;;;;;;;
;;;;;;;;
;;;;;;;;
;;;;;;;;
;;;;;;;;
;;;;;;;;
;;;;;;;;
;;;;;;;;
;;;;;;;;
;;;;;;;;
;;;;;;;;
;;;;;;;;
;;;;;;;;
;;;;;;;;
;;;;;;;;
;;;;;;;;
;;;;;;;;
;;;;;;;;
;;;;;;;;
;;;;;;;;
;;;;;;;;
;;;;;;;;
;;;;;;;;
;;;;;;;;
;;;;;;;;
;;;;;;;;
;;;;;;;;
;;;;;;;;
;;;;;;;;
;;;;;;;;
;;;;;;;;
;;;;;;;;
;;;;;;;;
;;;;;;;;
;;;;;;;;
;;;;;;;;
;;;;;;;;
;;;;;;;;
;;;;;;;;
;;;;;;;;
;;;;;;;;
;;;;;;;;
;;;;;;;;
;;;;;;;;
;;;;;;;;
;;;;;;;;
;;;;;;;;
;;;;;;;;
;;;;;;;;
;;;;;;;;
;;;;;;;;
;;;;;;;;
;;;;;;;;
;;;;;;;;
;;;;;;;;
;;;;;;;;
;;;;;;;;
;;;;;;;;
;;;;;;;;
;;;;;;;;
;;;;;;;;
;;;;;;;;
;;;;;;;;
;;;;;;;;
;;;;;;;;
;;;;;;;;
;;;;;;;;
;;;;;;;;
;;;;;;;;
;;;;;;;;
;;;;;;;;
;;;;;;;;
;;;;;;;;
;;;;;;;;
;;;;;;;;
;;;;;;;;
;;;;;;;;
;;;;;;;;
;;;;;;;;
;;;;;;;;
;;;;;;;;
;;;;;;;;
;;;;;;;;
;;;;;;;;
;;;;;;;;
;;;;;;;;
;;;;;;;;
;;;;;;;;
;;;;;;;;
;;;;;;;;
;;;;;;;;
;;;;;;;;
;;;;;;;;
;;;;;;;;
;;;;;;;;
;;;;;;;;
;;;;;;;;
;;;;;;;;
;;;;;;;;
;;;;;;;;
;;;;;;;;
;;;;;;;;
;;;;;;;;
;;;;;;;;
;;;;;;;;
;;;;;;;;
;;;;;;;;
;;;;;;;;
;;;;;;;;
;;;;;;;;
;;;;;;;;
;;;;;;;;
;;;;;;;;
;;;;;;;;
;;;;;;;;
;;;;;;;;
;;;;;;;;
;;;;;;;;
;;;;;;;;
;;;;;;;;
;;;;;;;;
;;;;;;;;
;;;;;;;;
;;;;;;;;
;;;;;;;;
;;;;;;;;
;;;;;;;;
;;;;;;;;
;;;;;;;;
;;;;;;;;
;;;;;;;;
;;;;;;;;
;;;;;;;;
;;;;;;;;
;;;;;;;;
;;;;;;;;
;;;;;;;;
;;;;;;;;
;;;;;;;;
;;;;;;;;
;;;;;;;;
;;;;;;;;
;;;;;;;;
;;;;;;;;
;;;;;;;;
;;;;;;;;
;;;;;;;;
;;;;;;;;
;;;;;;;;
;;;;;;;;
;;;;;;;;
;;;;;;;;
;;;;;;;;
;;;;;;;;
;;;;;;;;
;;;;;;;;
;;;;;;;;
;;;;;;;;
;;;;;;;;
;;;;;;;;
;;;;;;;;
;;;;;;;;
;;;;;;;;
;;;;;;;;
;;;;;;;;
;;;;;;;;
;;;;;;;;
;;;;;;;;
;;;;;;;;
;;;;;;;;
;;;;;;;;
;;;;;;;;
;;;;;;;;
;;;;;;;;
;;;;;;;;
;;;;;;;;
;;;;;;;;
;;;;;;;;
;;;;;;;;
;;;;;;;;
;;;;;;;;
;;;;;;;;
;;;;;;;;
;;;;;;;;
;;;;;;;;
;;;;;;;;
;;;;;;;;
;;;;;;;;
;;;;;;;;
;;;;;;;;
;;;;;;;;
;;;;;;;;
;;;;;;;;
;;;;;;;;
;;;;;;;;
;;;;;;;;
;;;;;;;;
;;;;;;;;
;;;;;;;;
;;;;;;;;
;;;;;;;;
;;;;;;;;
;;;;;;;;
;;;;;;;;
;;;;;;;;
;;;;;;;;
;;;;;;;;
;;;;;;;;
;;;;;;;;
;;;;;;;;
;;;;;;;;
;;;;;;;;
;;;;;;;;
;;;;;;;;
;;;;;;;;
;;;;;;;;
;;;;;;;;
;;;;;;;;
;;;;;;;;
;;;;;;;;
;;;;;;;;
;;;;;;;;
;;;;;;;;
;;;;;;;;
;;;;;;;;
;;;;;;;;
;;;;;;;;
;;;;;;;;
;;;;;;;;
;;;;;;;;
;;;;;;;;
;;;;;;;;
;;;;;;;;
;;;;;;;;
;;;;;;;;
;;;;;;;;
;;;;;;;;
;;;;;;;;
;;;;;;;;
;;;;;;;;
;;;;;;;;
;;;;;;;;
;;;;;;;;
;;;;;;;;
;;;;;;;;
;;;;;;;;
;;;;;;;;
;;;;;;;;
;;;;;;;;
;;;;;;;;
;;;;;;;;
;;;;;;;;
;;;;;;;;
;;;;;;;;
;;;;;;;;
;;;;;;;;
;;;;;;;;
;;;;;;;;
;;;;;;;;
;;;;;;;;
;;;;;;;;
;;;;;;;;
;;;;;;;;
;;;;;;;;
;;;;;;;;
;;;;;;;;
;;;;;;;;
;;;;;;;;
;;;;;;;;
;;;;;;;;
;;;;;;;;
;;;;;;;;
;;;;;;;;
;;;;;;;;
;;;;;;;;
;;;;;;;;
;;;;;;;;
;;;;;;;;
;;;;;;;;
;;;;;;;;
;;;;;;;;
;;;;;;;;
;;;;;;;;
;;;;;;;;
;;;;;;;;
;;;;;;;;
;;;;;;;;
;;;;;;;;
;;;;;;;;
;;;;;;;;
;;;;;;;;
;;;;;;;;
;;;;;;;;
;;;;;;;;
;;;;;;;;
;;;;;;;;
;;;;;;;;
;;;;;;;;
;;;;;;;;
;;;;;;;;
;;;;;;;;
;;;;;;;;
;;;;;;;;
;;;;;;;;
;;;;;;;;
;;;;;;;;
;;;;;;;;
;;;;;;;;
;;;;;;;;
;;;;;;;;
;;;;;;;;
;;;;;;;;
;;;;;;;;
;;;;;;;;
;;;;;;;;
;;;;;;;;
;;;;;;;;
;;;;;;;;
;;;;;;;;
;;;;;;;;
;;;;;;;;
;;;;;;;;
;;;;;;;;
;;;;;;;;
;;;;;;;;
;;;;;;;;
;;;;;;;;
;;;;;;;;
;;;;;;;;
;;;;;;;;
;;;;;;;;
;;;;;;;;
;;;;;;;;
;;;;;;;;
;;;;;;;;
;;;;;;;;
;;;;;;;;
;;;;;;;;
;;;;;;;;
;;;;;;;;
;;;;;;;;
;;;;;;;;
;;;;;;;;
;;;;;;;;
;;;;;;;;
;;;;;;;;
;;;;;;;;
;;;;;;;;
;;;;;;;;
;;;;;;;;
;;;;;;;;
;;;;;;;;
;;;;;;;;
;;;;;;;;
;;;;;;;;
;;;;;;;;
;;;;;;;;
;;;;;;;;
;;;;;;;;
;;;;;;;;
;;;;;;;;
;;;;;;;;
;;;;;;;;
;;;;;;;;
;;;;;;;;
;;;;;;;;
;;;;;;;;
;;;;;;;;
;;;;;;;;
;;;;;;;;
;;;;;;;;
;;;;;;;;
;;;;;;;;
;;;;;;;;
;;;;;;;;
;;;;;;;;
;;;;;;;;
;;;;;;;;
;;;;;;;;
;;;;;;;;
;;;;;;;;
;;;;;;;;
;;;;;;;;
;;;;;;;;
;;;;;;;;
;;;;;;;;
;;;;;;;;
;;;;;;;;
;;;;;;;;
;;;;;;;;
;;;;;;;;
;;;;;;;;
;;;;;;;;
;;;;;;;;
;;;;;;;;
;;;;;;;;
;;;;;;;;
;;;;;;;;
;;;;;;;;
;;;;;;;;
;;;;;;;;
;;;;;;;;
;;;;;;;;
;;;;;;;;
;;;;;;;;
;;;;;;;;
;;;;;;;;
;;;;;;;;
;;;;;;;;
;;;;;;;;
;;;;;;;;
;;;;;;;;
;;;;;;;;
;;;;;;;;
;;;;;;;;
;;;;;;;;
;;;;;;;;
;;;;;;;;
;;;;;;;;
;;;;;;;;
;;;;;;;;
;;;;;;;;
;;;;;;;;
;;;;;;;;
;;;;;;;;
;;;;;;;;
;;;;;;;;
;;;;;;;;
;;;;;;;;
;;;;;;;;
;;;;;;;;
;;;;;;;;
;;;;;;;;
;;;;;;;;
;;;;;;;;
;;;;;;;;
;;;;;;;;
;;;;;;;;
;;;;;;;;
;;;;;;;;
;;;;;;;;
;;;;;;;;
;;;;;;;;
;;;;;;;;
;;;;;;;;
;;;;;;;;
;;;;;;;;
;;;;;;;;
;;;;;;;;
;;;;;;;;
;;;;;;;;
;;;;;;;;
;;;;;;;;
;;;;;;;;
;;;;;;;;
;;;;;;;;
;;;;;;;;
;;;;;;;;
;;;;;;;;
;;;;;;;;
;;;;;;;;
;;;;;;;;
;;;;;;;;
;;;;;;;;
;;;;;;;;
;;;;;;;;
;;;;;;;;
;;;;;;;;
;;;;;;;;
;;;;;;;;
;;;;;;;;
;;;;;;;;
;;;;;;;;
;;;;;;;;
;;;;;;;;
;;;;;;;;
;;;;;;;;
;;;;;;;;
;;;;;;;;
;;;;;;;;
;;;;;;;;
;;;;;;;;
;;;;;;;;
;;;;;;;;
;;;;;;;;
;;;;;;;;
;;;;;;;;
;;;;;;;;
;;;;;;;;
;;;;;;;;
;;;;;;;;
;;;;;;;;
;;;;;;;;
;;;;;;;;
;;;;;;;;
;;;;;;;;
;;;;;;;;
;;;;;;;;
;;;;;;;;
;;;;;;;;
;;;;;;;;
;;;;;;;;
;;;;;;;;
;;;;;;;;
;;;;;;;;
;;;;;;;;
;;;;;;;;
;;;;;;;;
;;;;;;;;
;;;;;;;;
;;;;;;;;
;;;;;;;;
;;;;;;;;
;;;;;;;;
;;;;;;;;
;;;;;;;;
;;;;;;;;
;;;;;;;;
;;;;;;;;
;;;;;;;;
;;;;;;;;
;;;;;;;;
;;;;;;;;
;;;;;;;;
;;;;;;;;
;;;;;;;;
;;;;;;;;
;;;;;;;;
;;;;;;;;
;;;;;;;;
;;;;;;;;
;;;;;;;;
;;;;;;;;
;;;;;;;;
;;;;;;;;
;;;;;;;;
;;;;;;;;
;;;;;;;;
;;;;;;;;
;;;;;;;;
;;;;;;;;
;;;;;;;;
;;;;;;;;
;;;;;;;;
;;;;;;;;
;;;;;;;;
;;;;;;;;
;;;;;;;;
;;;;;;;;
;;;;;;;;
;;;;;;;;
;;;;;;;;
;;;;;;;;
;;;;;;;;
;;;;;;;;
;;;;;;;;
;;;;;;;;
;;;;;;;;
;;;;;;;;
;;;;;;;;
;;;;;;;;
;;;;;;;;
;;;;;;;;
;;;;;;;;
;;;;;;;;
;;;;;;;;
;;;;;;;;
;;;;;;;;
;;;;;;;;
;;;;;;;;
;;;;;;;;
;;;;;;;;
;;;;;;;;
;;;;;;;;
;;;;;;;;
;;;;;;;;
;;;;;;;;
;;;;;;;;
;;;;;;;;
;;;;;;;;
;;;;;;;;
;;;;;;;;
;;;;;;;;
;;;;;;;;
;;;;;;;;
;;;;;;;;
;;;;;;;;
;;;;;;;;
;;;;;;;;
;;;;;;;;
;;;;;;;;
;;;;;;;;
;;;;;;;;
;;;;;;;;
;;;;;;;;
;;;;;;;;
;;;;;;;;
;;;;;;;;
;;;;;;;;
;;;;;;;;
;;;;;;;;
;;;;;;;;
;;;;;;;;
;;;;;;;;
;;;;;;;;
;;;;;;;;
;;;;;;;;
;;;;;;;;
;;;;;;;;
;;;;;;;;
;;;;;;;;
;;;;;;;;
;;;;;;;;
;;;;;;;;
;;;;;;;;
;;;;;;;;
;;;;;;;;
;;;;;;;;
;;;;;;;;
;;;;;;;;
;;;;;;;;
;;;;;;;;
;;;;;;;;
;;;;;;;;
;;;;;;;;
;;;;;;;;
;;;;;;;;
;;;;;;;;
;;;;;;;;
;;;;;;;;
;;;;;;;;
;;;;;;;;
;;;;;;;;
;;;;;;;;
;;;;;;;;
;;;;;;;;
;;;;;;;;
;;;;;;;;
;;;;;;;;
;;;;;;;;
;;;;;;;;
;;;;;;;;
;;;;;;;;
;;;;;;;;
;;;;;;;;
;;;;;;;;
;;;;;;;;
;;;;;;;;
;;;;;;;;
;;;;;;;;
;;;;;;;;
;;;;;;;;
;;;;;;;;
;;;;;;;;
;;;;;;;;
;;;;;;;;
;;;;;;;;
;;;;;;;;
;;;;;;;;
;;;;;;;;
;;;;;;;;
;;;;;;;;
;;;;;;;;
;;;;;;;;
;;;;;;;;
;;;;;;;;
;;;;;;;;
;;;;;;;;
;;;;;;;;
;;;;;;;;
;;;;;;;;
;;;;;;;;
;;;;;;;;
;;;;;;;;
;;;;;;;;
;;;;;;;;
;;;;;;;;
;;;;;;;;
;;;;;;;;
;;;;;;;;
;;;;;;;;
;;;;;;;;
;;;;;;;;
;;;;;;;;
;;;;;;;;
;;;;;;;;
;;;;;;;;
;;;;;;;;
;;;;;;;;
;;;;;;;;
;;;;;;;;
;;;;;;;;
;;;;;;;;
;;;;;;;;
;;;;;;;;
;;;;;;;;
;;;;;;;;
;;;;;;;;
;;;;;;;;
;;;;;;;;
;;;;;;;;
;;;;;;;;
;;;;;;;;
;;;;;;;;
;;;;;;;;
;;;;;;;;
;;;;;;;;
;;;;;;;;
;;;;;;;;
;;;;;;;;
;;;;;;;;
;;;;;;;;
;;;;;;;;
;;;;;;;;
;;;;;;;;
;;;;;;;;
;;;;;;;;
;;;;;;;;
;;;;;;;;
;;;;;;;;
;;;;;;;;
;;;;;;;;
;;;;;;;;
;;;;;;;;
;;;;;;;;
;;;;;;;;
;;;;;;;;
;;;;;;;;
;;;;;;;;
;;;;;;;;
;;;;;;;;
;;;;;;;;
;;;;;;;;
;;;;;;;;
;;;;;;;;
;;;;;;;;
;;;;;;;;
;;;;;;;;
;;;;;;;;
;;;;;;;;
;;;;;;;;
;;;;;;;;
;;;;;;;;
;;;;;;;;
;;;;;;;;
;;;;;;;;
;;;;;;;;
;;;;;;;;
;;;;;;;;
;;;;;;;;
;;;;;;;;
;;;;;;;;
;;;;;;;;
;;;;;;;;
;;;;;;;;
;;;;;;;;
;;;;;;;;
;;;;;;;;
;;;;;;;;
;;;;;;;;
;;;;;;;;
;;;;;;;;
;;;;;;;;
;;;;;;;;
;;;;;;;;
;;;;;;;;
;;;;;;;;
;;;;;;;;
;;;;;;;;
;;;;;;;;
;;;;;;;;
;;;;;;;;
;;;;;;;;
;;;;;;;;
;;;;;;;;
;;;;;;;;
;;;;;;;;
;;;;;;;;
;;;;;;;;
;;;;;;;;
;;;;;;;;
;;;;;;;;
;;;;;;;;
;;;;;;;;
;;;;;;;;
;;;;;;;;
;;;;;;;;
;;;;;;;;
;;;;;;;;
;;;;;;;;
;;;;;;;;
;;;;;;;;
;;;;;;;;
;;;;;;;;
;;;;;;;;
;;;;;;;;
;;;;;;;;
;;;;;;;;
;;;;;;;;
;;;;;;;;
;;;;;;;;
;;;;;;;;
;;;;;;;;
;;;;;;;;
;;;;;;;;
;;;;;;;;
;;;;;;;;
;;;;;;;;
;;;;;;;;
;;;;;;;;
;;;;;;;;
;;;;;;;;
;;;;;;;;
;;;;;;;;
;;;;;;;;
;;;;;;;;
;;;;;;;;
;;;;;;;;
;;;;;;;;
;;;;;;;;
;;;;;;;;
;;;;;;;;
;;;;;;;;
;;;;;;;;
;;;;;;;;
;;;;;;;;
;;;;;;;;
;;;;;;;;
;;;;;;;;
;;;;;;;;
;;;;;;;;
;;;;;;;;
;;;;;;;;
;;;;;;;;
;;;;;;;;
;;;;;;;;
;;;;;;;;
;;;;;;;;
;;;;;;;;
;;;;;;;;
;;;;;;;;
;;;;;;;;
;;;;;;;;
;;;;;;;;
;;;;;;;;
;;;;;;;;
;;;;;;;;
;;;;;;;;
;;;;;;;;
;;;;;;;;
;;;;;;;;
;;;;;;;;
;;;;;;;;
;;;;;;;;
;;;;;;;;
;;;;;;;;
;;;;;;;;
;;;;;;;;
;;;;;;;;
;;;;;;;;
;;;;;;;;
;;;;;;;;
;;;;;;;;
;;;;;;;;
;;;;;;;;
;;;;;;;;
;;;;;;;;
;;;;;;;;
;;;;;;;;
;;;;;;;;
;;;;;;;;
;;;;;;;;
;;;;;;;;
;;;;;;;;
;;;;;;;;
;;;;;;;;
;;;;;;;;
;;;;;;;;
;;;;;;;;
;;;;;;;;
;;;;;;;;
;;;;;;;;
;;;;;;;;
;;;;;;;;
;;;;;;;;
;;;;;;;;
;;;;;;;;
;;;;;;;;
;;;;;;;;
;;;;;;;;
;;;;;;;;
;;;;;;;;
;;;;;;;;
;;;;;;;;
;;;;;;;;
;;;;;;;;
;;;;;;;;
;;;;;;;;
;;;;;;;;
;;;;;;;;
;;;;;;;;
;;;;;;;;
;;;;;;;;
;;;;;;;;
;;;;;;;;
;;;;;;;;
;;;;;;;;
;;;;;;;;
;;;;;;;;
;;;;;;;;
;;;;;;;;
;;;;;;;;
;;;;;;;;
;;;;;;;;
;;;;;;;;
;;;;;;;;
;;;;;;;;
;;;;;;;;
;;;;;;;;
;;;;;;;;
;;;;;;;;
;;;;;;;;
;;;;;;;;
;;;;;;;;
;;;;;;;;
;;;;;;;;
;;;;;;;;
;;;;;;;;
;;;;;;;;
;;;;;;;;
;;;;;;;;
;;;;;;;;
;;;;;;;;
;;;;;;;;
;;;;;;;;
;;;;;;;;
;;;;;;;;
;;;;;;;;
;;;;;;;;
;;;;;;;;
;;;;;;;;
;;;;;;;;
;;;;;;;;
;;;;;;;;
;;;;;;;;
;;;;;;;;
;;;;;;;;
;;;;;;;;
;;;;;;;;
;;;;;;;;
;;;;;;;;
;;;;;;;;
;;;;;;;;
;;;;;;;;
;;;;;;;;
;;;;;;;;
;;;;;;;;
;;;;;;;;
;;;;;;;;
;;;;;;;;
;;;;;;;;
;;;;;;;;
;;;;;;;;
;;;;;;;;
;;;;;;;;
;;;;;;;;
;;;;;;;;
;;;;;;;;
;;;;;;;;
;;;;;;;;
;;;;;;;;
;;;;;;;;
;;;;;;;;
;;;;;;;;
;;;;;;;;
;;;;;;;;
;;;;;;;;
;;;;;;;;
;;;;;;;;
;;;;;;;;
;;;;;;;;
;;;;;;;;
;;;;;;;;
;;;;;;;;
;;;;;;;;
;;;;;;;;
;;;;;;;;
;;;;;;;;
;;;;;;;;
;;;;;;;;
;;;;;;;;
;;;;;;;;
;;;;;;;;
;;;;;;;;
;;;;;;;;
;;;;;;;;
;;;;;;;;
;;;;;;;;
;;;;;;;;
;;;;;;;;
;;;;;;;;
;;;;;;;;
;;;;;;;;
;;;;;;;;
;;;;;;;;
;;;;;;;;
;;;;;;;;
;;;;;;;;
;;;;;;;;
;;;;;;;;
;;;;;;;;
;;;;;;;;
;;;;;;;;
;;;;;;;;
;;;;;;;;
;;;;;;;;
;;;;;;;;
;;;;;;;;
;;;;;;;;
;;;;;;;;
;;;;;;;;
;;;;;;;;
;;;;;;;;
;;;;;;;;
;;;;;;;;
;;;;;;;;
;;;;;;;;
;;;;;;;;
;;;;;;;;
;;;;;;;;
;;;;;;;;
;;;;;;;;
;;;;;;;;
;;;;;;;;
;;;;;;;;
;;;;;;;;
;;;;;;;;
;;;;;;;;
;;;;;;;;
;;;;;;;;
;;;;;;;;
;;;;;;;;
;;;;;;;;
;;;;;;;;
;;;;;;;;
;;;;;;;;
;;;;;;;;
;;;;;;;;
;;;;;;;;
;;;;;;;;
;;;;;;;;
;;;;;;;;
;;;;;;;;
;;;;;;;;
;;;;;;;;
;;;;;;;;
;;;;;;;;
;;;;;;;;
;;;;;;;;
;;;;;;;;
;;;;;;;;
;;;;;;;;
;;;;;;;;
;;;;;;;;
;;;;;;;;
;;;;;;;;
;;;;;;;;
;;;;;;;;
;;;;;;;;
;;;;;;;;
;;;;;;;;
;;;;;;;;
;;;;;;;;
;;;;;;;;
;;;;;;;;
;;;;;;;;
;;;;;;;;
;;;;;;;;
;;;;;;;;
;;;;;;;;
;;;;;;;;
;;;;;;;;
;;;;;;;;
;;;;;;;;
;;;;;;;;
;;;;;;;;
;;;;;;;;
;;;;;;;;
;;;;;;;;
;;;;;;;;
;;;;;;;;
;;;;;;;;
;;;;;;;;
;;;;;;;;
;;;;;;;;
;;;;;;;;
;;;;;;;;
;;;;;;;;
;;;;;;;;
;;;;;;;;
;;;;;;;;
;;;;;;;;
;;;;;;;;
;;;;;;;;
;;;;;;;;
;;;;;;;;
;;;;;;;;
;;;;;;;;
;;;;;;;;
;;;;;;;;
;;;;;;;;
;;;;;;;;
;;;;;;;;
;;;;;;;;
;;;;;;;;
;;;;;;;;
;;;;;;;;
;;;;;;;;
;;;;;;;;
;;;;;;;;
;;;;;;;;
;;;;;;;;
;;;;;;;;
;;;;;;;;
;;;;;;;;
;;;;;;;;
;;;;;;;;
;;;;;;;;
;;;;;;;;
;;;;;;;;
;;;;;;;;
;;;;;;;;
;;;;;;;;
;;;;;;;;
;;;;;;;;
;;;;;;;;
;;;;;;;;
;;;;;;;;
;;;;;;;;
;;;;;;;;
;;;;;;;;
;;;;;;;;
;;;;;;;;
;;;;;;;;
;;;;;;;;
;;;;;;;;
;;;;;;;;
;;;;;;;;
;;;;;;;;
;;;;;;;;
;;;;;;;;
;;;;;;;;
;;;;;;;;
;;;;;;;;
;;;;;;;;
;;;;;;;;
;;;;;;;;
;;;;;;;;
;;;;;;;;
;;;;;;;;
;;;;;;;;
;;;;;;;;
;;;;;;;;
;;;;;;;;
;;;;;;;;
;;;;;;;;
;;;;;;;;
;;;;;;;;
;;;;;;;;
;;;;;;;;
;;;;;;;;
;;;;;;;;
;;;;;;;;
;;;;;;;;
;;;;;;;;
;;;;;;;;
;;;;;;;;
;;;;;;;;
;;;;;;;;
;;;;;;;;
;;;;;;;;
;;;;;;;;
;;;;;;;;
;;;;;;;;
;;;;;;;;
;;;;;;;;
;;;;;;;;
;;;;;;;;
;;;;;;;;
;;;;;;;;
;;;;;;;;
;;;;;;;;
;;;;;;;;
;;;;;;;;
;;;;;;;;
;;;;;;;;
;;;;;;;;
;;;;;;;;
;;;;;;;;
;;;;;;;;
;;;;;;;;
;;;;;;;;
;;;;;;;;
;;;;;;;;
;;;;;;;;
;;;;;;;;
;;;;;;;;
;;;;;;;;
;;;;;;;;
;;;;;;;;
;;;;;;;;
;;;;;;;;
;;;;;;;;
;;;;;;;;
;;;;;;;;
;;;;;;;;
;;;;;;;;
;;;;;;;;
;;;;;;;;
;;;;;;;;
;;;;;;;;
;;;;;;;;
;;;;;;;;
;;;;;;;;
;;;;;;;;
;;;;;;;;
;;;;;;;;
;;;;;;;;
;;;;;;;;
;;;;;;;;
;;;;;;;;
;;;;;;;;
;;;;;;;;
;;;;;;;;
;;;;;;;;
;;;;;;;;
;;;;;;;;
;;;;;;;;
;;;;;;;;
;;;;;;;;
;;;;;;;;
;;;;;;;;
;;;;;;;;
;;;;;;;;
;;;;;;;;
;;;;;;;;
;;;;;;;;
;;;;;;;;
;;;;;;;;
;;;;;;;;
;;;;;;;;
;;;;;;;;
;;;;;;;;
;;;;;;;;
;;;;;;;;
;;;;;;;;
;;;;;;;;
;;;;;;;;
;;;;;;;;
;;;;;;;;
;;;;;;;;
;;;;;;;;
;;;;;;;;
;;;;;;;;
;;;;;;;;
;;;;;;;;
;;;;;;;;
;;;;;;;;
;;;;;;;;
;;;;;;;;
;;;;;;;;
;;;;;;;;
;;;;;;;;
;;;;;;;;
;;;;;;;;
;;;;;;;;
;;;;;;;;
;;;;;;;;
;;;;;;;;
;;;;;;;;
;;;;;;;;
;;;;;;;;
;;;;;;;;
;;;;;;;;
;;;;;;;;
;;;;;;;;
;;;;;;;;
;;;;;;;;
;;;;;;;;
;;;;;;;;
;;;;;;;;
;;;;;;;;
;;;;;;;;
;;;;;;;;
;;;;;;;;
;;;;;;;;
;;;;;;;;
;;;;;;;;
;;;;;;;;
;;;;;;;;
;;;;;;;;
;;;;;;;;
;;;;;;;;
;;;;;;;;
;;;;;;;;
;;;;;;;;
;;;;;;;;
;;;;;;;;
;;;;;;;;
;;;;;;;;
;;;;;;;;
;;;;;;;;
;;;;;;;;
;;;;;;;;
;;;;;;;;
;;;;;;;;
;;;;;;;;
;;;;;;;;
;;;;;;;;
;;;;;;;;
;;;;;;;;
;;;;;;;;
;;;;;;;;
;;;;;;;;
;;;;;;;;
;;;;;;;;
;;;;;;;;
;;;;;;;;
;;;;;;;;
;;;;;;;;
;;;;;;;;
;;;;;;;;
;;;;;;;;
;;;;;;;;
;;;;;;;;
;;;;;;;;
;;;;;;;;
;;;;;;;;
;;;;;;;;
;;;;;;;;
;;;;;;;;
;;;;;;;;
;;;;;;;;
;;;;;;;;
;;;;;;;;
;;;;;;;;
;;;;;;;;
;;;;;;;;
;;;;;;;;
;;;;;;;;
;;;;;;;;
;;;;;;;;
;;;;;;;;
;;;;;;;;
;;;;;;;;
;;;;;;;;
;;;;;;;;
;;;;;;;;
;;;;;;;;
;;;;;;;;
;;;;;;;;
;;;;;;;;
;;;;;;;;
;;;;;;;;
;;;;;;;;
;;;;;;;;
;;;;;;;;
;;;;;;;;
;;;;;;;;
;;;;;;;;
;;;;;;;;
;;;;;;;;
;;;;;;;;
;;;;;;;;
;;;;;;;;
;;;;;;;;
;;;;;;;;
;;;;;;;;
;;;;;;;;
;;;;;;;;
;;;;;;;;
;;;;;;;;
;;;;;;;;
;;;;;;;;
;;;;;;;;
;;;;;;;;
;;;;;;;;
;;;;;;;;
;;;;;;;;
;;;;;;;;
;;;;;;;;
;;;;;;;;
;;;;;;;;
;;;;;;;;
;;;;;;;;
;;;;;;;;
;;;;;;;;
;;;;;;;;
;;;;;;;;
;;;;;;;;
;;;;;;;;
;;;;;;;;
;;;;;;;;
;;;;;;;;
;;;;;;;;
;;;;;;;;
;;;;;;;;
;;;;;;;;
;;;;;;;;
;;;;;;;;
;;;;;;;;
;;;;;;;;
;;;;;;;;
;;;;;;;;
;;;;;;;;
;;;;;;;;
;;;;;;;;
;;;;;;;;
;;;;;;;;
;;;;;;;;
;;;;;;;;
;;;;;;;;
;;;;;;;;
;;;;;;;;
;;;;;;;;
;;;;;;;;
;;;;;;;;
;;;;;;;;
;;;;;;;;
;;;;;;;;
;;;;;;;;
;;;;;;;;
;;;;;;;;
;;;;;;;;
;;;;;;;;
;;;;;;;;
;;;;;;;;
;;;;;;;;
;;;;;;;;
;;;;;;;;
;;;;;;;;
;;;;;;;;
;;;;;;;;
;;;;;;;;
;;;;;;;;
;;;;;;;;
;;;;;;;;
;;;;;;;;
;;;;;;;;
;;;;;;;;
;;;;;;;;
;;;;;;;;
;;;;;;;;
;;;;;;;;
;;;;;;;;
;;;;;;;;
;;;;;;;;
;;;;;;;;
;;;;;;;;
;;;;;;;;
;;;;;;;;
;;;;;;;;
;;;;;;;;
;;;;;;;;
;;;;;;;;
;;;;;;;;
;;;;;;;;
;;;;;;;;
;;;;;;;;
;;;;;;;;
;;;;;;;;
;;;;;;;;
;;;;;;;;
;;;;;;;;
;;;;;;;;
;;;;;;;;
;;;;;;;;
;;;;;;;;
;;;;;;;;
;;;;;;;;
;;;;;;;;
;;;;;;;;
;;;;;;;;
;;;;;;;;
;;;;;;;;
;;;;;;;;
;;;;;;;;
;;;;;;;;
;;;;;;;;
;;;;;;;;
;;;;;;;;
;;;;;;;;
;;;;;;;;
;;;;;;;;
;;;;;;;;
;;;;;;;;
;;;;;;;;
;;;;;;;;
;;;;;;;;
;;;;;;;;
;;;;;;;;
;;;;;;;;
;;;;;;;;
;;;;;;;;
;;;;;;;;
;;;;;;;;
;;;;;;;;
;;;;;;;;
;;;;;;;;
;;;;;;;;
;;;;;;;;
;;;;;;;;
;;;;;;;;
;;;;;;;;
;;;;;;;;
;;;;;;;;
;;;;;;;;
;;;;;;;;
;;;;;;;;
;;;;;;;;
;;;;;;;;
;;;;;;;;
;;;;;;;;
;;;;;;;;
;;;;;;;;
;;;;;;;;
;;;;;;;;
;;;;;;;;
;;;;;;;;
;;;;;;;;
;;;;;;;;
;;;;;;;;
;;;;;;;;
;;;;;;;;
;;;;;;;;
;;;;;;;;
;;;;;;;;
;;;;;;;;
;;;;;;;;
;;;;;;;;
;;;;;;;;
;;;;;;;;
;;;;;;;;
;;;;;;;;
;;;;;;;;
;;;;;;;;
;;;;;;;;
;;;;;;;;
;;;;;;;;
;;;;;;;;
;;;;;;;;
;;;;;;;;
;;;;;;;;
;;;;;;;;
;;;;;;;;
;;;;;;;;
;;;;;;;;
;;;;;;;;
;;;;;;;;
;;;;;;;;
;;;;;;;;
;;;;;;;;
;;;;;;;;
;;;;;;;;
;;;;;;;;
;;;;;;;;
;;;;;;;;
;;;;;;;;
;;;;;;;;
;;;;;;;;
;;;;;;;;
;;;;;;;;
;;;;;;;;
;;;;;;;;
;;;;;;;;
;;;;;;;;
;;;;;;;;
;;;;;;;;
;;;;;;;;
;;;;;;;;
;;;;;;;;
;;;;;;;;
;;;;;;;;
;;;;;;;;
;;;;;;;;
;;;;;;;;
;;;;;;;;
;;;;;;;;
;;;;;;;;
;;;;;;;;
;;;;;;;;
;;;;;;;;
;;;;;;;;
;;;;;;;;
;;;;;;;;
;;;;;;;;
;;;;;;;;
;;;;;;;;
;;;;;;;;
;;;;;;;;
;;;;;;;;
;;;;;;;;
;;;;;;;;
;;;;;;;;
;;;;;;;;
;;;;;;;;
;;;;;;;;
;;;;;;;;
;;;;;;;;
;;;;;;;;
;;;;;;;;
;;;;;;;;
;;;;;;;;
;;;;;;;;
;;;;;;;;
;;;;;;;;
;;;;;;;;
;;;;;;;;
;;;;;;;;
;;;;;;;;
;;;;;;;;
;;;;;;;;
;;;;;;;;
;;;;;;;;
;;;;;;;;
;;;;;;;;
;;;;;;;;
;;;;;;;;
;;;;;;;;
;;;;;;;;
;;;;;;;;
;;;;;;;;
;;;;;;;;
;;;;;;;;
;;;;;;;;
;;;;;;;;
;;;;;;;;
;;;;;;;;
;;;;;;;;
;;;;;;;;
;;;;;;;;
;;;;;;;;
;;;;;;;;
;;;;;;;;
;;;;;;;;
;;;;;;;;
;;;;;;;;
;;;;;;;;
;;;;;;;;
;;;;;;;;
;;;;;;;;
;;;;;;;;
;;;;;;;;
;;;;;;;;
;;;;;;;;
;;;;;;;;
;;;;;;;;
;;;;;;;;
;;;;;;;;
;;;;;;;;
;;;;;;;;
;;;;;;;;
;;;;;;;;
;;;;;;;;
;;;;;;;;
;;;;;;;;
;;;;;;;;
;;;;;;;;
;;;;;;;;
